freq_GHz,detector_V_avg,detector_V_sd,contrast_pct,relative_noise_pct
2.7478325347433508,0.12167642338029569,0.017535800523450815,-0.15957106945198282,14.41183101564651
2.748124293810652,0.12171095770225908,0.017583132089337032,-0.1312342608750734,14.446630296304596
2.748416052877953,0.12171694833295807,0.017549300531079535,-0.12631870598008485,14.418123992948974
2.748707811945254,0.12161488617642102,0.017543932759195188,-0.2100648352888601,14.425810285876537
2.748999571012555,0.12168516312078037,0.017548282777529234,-0.15239975873712866,14.421053748443786
2.7492913300798563,0.12168021552414872,0.01751253129724733,-0.15645946197425936,14.392258611484612
2.749583089147157,0.12163089443242452,0.01753002262110436,-0.1969294134756833,14.412475303175265
2.7498748482144584,0.1217169313996162,0.017500163798718174,-0.12633260047228242,14.377756321560828
2.750166607281759,0.12163541874469756,0.01751811252329696,-0.1932170321826788,14.40214758504346
2.7504583663490605,0.12162486057830957,0.017538100636563088,-0.20188043493246877,14.419832058324111
2.7507501254163613,0.12167879709686955,0.017500156464269254,-0.15762333895243816,14.382256302498806
2.7510418844836626,0.12166381045797336,0.017532444272619487,-0.16992048259007905,14.410566467236997
2.751333643550964,0.12165915301694291,0.017489936789710496,-0.1737421014154932,14.376178327720853
2.7516254026182647,0.12162993469527658,0.01748290091799264,-0.19771691664062185,14.373847163359182
2.751917161685566,0.12161308227753048,0.01746752008999033,-0.21154500732199055,14.363191659042155
2.752208920752867,0.12166035534948456,0.017499282573752335,-0.17275553891356485,14.383718117116674
2.752500679820168,0.12166578373113462,0.01746390589081104,-0.16830133211421766,14.353999419757963
2.752792438887469,0.12172520597720123,0.01746738309524279,-0.1195429747390717,14.349848870672174
2.75308419795477,0.12168200451374285,0.01754351703038156,-0.15499152362212587,14.417511529735016
2.753375957022071,0.1217063415713003,0.017474257607168763,-0.13502198311510147,14.357721530008908
2.7536677160893723,0.12171553972383167,0.01748788638964721,-0.12747452676662585,14.36783374524454
2.753959475156673,0.12169771706717229,0.01751086032449383,-0.1420987377363459,14.388815785943242
2.7542512342239744,0.12166206939083167,0.017507540310547097,-0.17134909863084127,14.390302908875595
2.7545429932912757,0.12165330577705112,0.01745673487726753,-0.17853999835097045,14.349577075414416
2.7548347523585766,0.12169990789491053,0.01748636798775183,-0.14030107492688773,14.368431570919133
2.755126511425878,0.12165852177865977,0.017510824390055788,-0.17426005796940602,14.393421960127233
2.7554182704931787,0.12168023804378478,0.017490149253267827,-0.15644098370163267,14.373861799131477
2.75571002956048,0.12170734353916525,0.01749087259933368,-0.13419982793801263,14.37125492243214
2.756001788627781,0.1216813380269695,0.017450762155758026,-0.1555384029885602,14.34136280773822
2.756293547695082,0.12169547964026842,0.0174786373922151,-0.14393463704681045,14.362601999582823
2.756585306762383,0.12170518913503042,0.0174638317577904,-0.1359676037070176,14.349291005508805
2.756877065829684,0.12170943717608375,0.01746622237912139,-0.13248191412890575,14.350754374003097
2.757168824896985,0.12177340527912,0.017463401493176274,-0.07999349716539643,14.34089935577309
2.7574605839642863,0.12168587221237873,0.01745392635336737,-0.15181792038780786,14.343428728443497
2.757752343031587,0.12170763374857496,0.017467157487125018,-0.1339616993742337,14.351735342426322
2.7580441020988884,0.12169110506367978,0.017482649546303033,-0.14752415415181452,14.366415307967277
2.7583358611661897,0.12173268118973586,0.01747742793745499,-0.1134092603754238,14.35721925011591
2.7586276202334905,0.12169857441792813,0.017410774795068137,-0.14139524674911605,14.306473907637864
2.758919379300792,0.12168410192917671,0.01753431790174407,-0.15327050938826986,14.409703177124564
2.7592111383680926,0.12174449409587093,0.01749208189511005,-0.10371629289103723,14.367862813849674
2.759502897435394,0.12174618507060314,0.017471137822031163,-0.10232877969920938,14.350460190517909
2.7597946565026947,0.12169977100503658,0.01751367869985977,-0.1404133986076119,14.390888787403684
2.760086415569996,0.12174989186420414,0.017427032164972187,-0.09928720555691387,14.313796832287728
2.760378174637297,0.12167535600714258,0.0174714563102134,-0.16044689231458195,14.359075562670055
2.760669933704598,0.12169314428795576,0.01748885807199127,-0.1458508881176602,14.371276356052032
2.760961692771899,0.12169573308962875,0.017462948917280948,-0.14372667159101576,14.34968053022821
2.7612534518392002,0.12170990471857952,0.017438343250016086,-0.13209827659235943,14.327793034048815
2.7615452109065015,0.1217279911098929,0.017473809407556926,-0.11725766066721108,14.354799786174095
2.7618369699738023,0.12171720632265767,0.01748538417991229,-0.1261070149921966,14.365581258545024
2.7621287290411036,0.12173120573181206,0.017472446522591424,-0.11461993330521927,14.35330112566637
2.7624204881084045,0.12172506033571583,0.01746582296538085,-0.11966247947111765,14.348584356590486
2.7627122471757057,0.12167499112431746,0.01750251267163496,-0.1607462934373092,14.38464265327321
2.7630040062430066,0.12171195753962558,0.01747434447144365,-0.13041385385817855,14.35713041239564
2.763295765310308,0.12175452421244345,0.017538290865867553,-0.09548617638198864,14.404631761581076
2.7635875243776087,0.1217514529855933,0.017458050387259325,-0.09800624228747902,14.339089973180949
2.76387928344491,0.12176912543942413,0.01750496272736945,-0.08350527881643124,14.37553457348066
2.764171042512211,0.12174108690999136,0.017519784608082338,-0.10651202677449816,14.391020363597953
2.764462801579512,0.12175522324060395,0.01748193680131989,-0.09491259549064224,14.358264340555918
2.7647545606468134,0.12176177995188289,0.017519312411198758,-0.08953254857376786,14.388186849865317
2.765046319714114,0.1216794310164127,0.017502230735187117,-0.15710318231619547,14.383886075886016
2.7653380787814155,0.1217541083857142,0.017452576722800713,-0.09582737903946781,14.334281573079533
2.7656298378487163,0.12168793512491483,0.017447598134338667,-0.15012521717769922,14.337985204883621
2.7659215969160176,0.12168452597498432,0.017475135514360716,-0.15292256264442683,14.361017043328271
2.7662133559833184,0.1217355993599388,0.01749934229936656,-0.11101478364230002,14.374876692910346
2.7665051150506197,0.12172121167705667,0.017450062413595695,-0.12282045963409803,14.336089965891189
2.7667968741179205,0.12176751286910525,0.017439442931535702,-0.08482845801453935,14.321917661472105
2.767088633185222,0.12176479263346637,0.0174633504133394,-0.08706052142857652,14.341871764120835
2.7673803922525226,0.12173772797157245,0.017456739584616982,-0.10926817166418498,14.339629854676923
2.767672151319824,0.12176688630932858,0.017439416230847667,-0.08534257566458028,14.321969428162696
2.767963910387125,0.12175490980329946,0.017469260612692643,-0.09516978348198314,14.347890069414875
2.768255669454426,0.12173003330997353,0.017451854669262766,-0.11558195286492091,14.336523366278342
2.7685474285217273,0.12173491684755913,0.01744744084345272,-0.11157481266717954,14.332322471868146
2.768839187589028,0.12176986180018826,0.017489014704063638,-0.0829010650131672,14.362350786569259
2.7691309466563294,0.12173900166981254,0.017497828545822162,-0.10822305071893087,14.373231508239874
2.7694227057236303,0.12173845873825925,0.017443969619441908,-0.10866854802772745,14.329054105200134
2.7697144647909315,0.12176347701634155,0.01747942982667237,-0.0881400385149753,14.355232172227229
2.7700062238582324,0.12176404406861895,0.017516451419940925,-0.08767474917601706,14.385569692535588
2.7702979829255336,0.12174678380910678,0.017456433728370434,-0.10183749052946131,14.338312013023112
2.7705897419928345,0.12174962151097526,0.017503293466995164,-0.09950904132084912,14.37646643149302
2.7708815010601358,0.1217841139540184,0.01748161571606255,-0.07120659609260314,14.35459449387875
2.7711732601274366,0.1217560876211495,0.017466378222721946,-0.09420333627648976,14.345383926156943
2.771465019194738,0.12173977952027389,0.017471028885796745,-0.10758479294024813,14.351125782092627
2.771756778262039,0.12176148439089855,0.017452584728502883,-0.0897750683210765,14.333419813176514
2.77204853732934,0.12175439292697264,0.01748508629452349,-0.09559390142316167,14.360949017265366
2.7723402963966413,0.12176297382125788,0.017473569334297414,-0.08855293044254595,14.350478463139183
2.772632055463942,0.12177532045672006,0.017477648509637844,-0.07842201644830113,14.35237324286044
2.7729238145312434,0.12175810762592422,0.017421843448709194,-0.09254584062082903,14.30856949767492
2.773215573598544,0.12174357264575861,0.017401228146722438,-0.10447237999399989,14.293344419384981
2.7735073326658455,0.12181359793035455,0.017478322608346458,-0.04701380046136823,14.348416683611527
2.7737990917331463,0.12172432611172848,0.017466996425917074,-0.1202649399625679,14.349634936474772
2.7740908508004476,0.12177275267841692,0.01744435041912846,-0.080528982449288,14.325331435346872
2.7743826098677484,0.12176037870205272,0.01748671551487658,-0.09068233075996532,14.361581083503788
2.7746743689350497,0.12178764722879867,0.01745825673433199,-0.06830740116402693,14.334997950599789
2.774966128002351,0.1217766881645699,0.017483856402252914,-0.07729975681421775,14.357309815015746
2.775257887069652,0.12173653235710738,0.017448390414455624,-0.1102492217124365,14.33291229560551
2.775549646136953,0.12179552488512854,0.0174526519484114,-0.06184346538179786,14.32946897258489
2.775841405204254,0.1217903106242982,0.01751742906557059,-0.06612197738432839,14.383269880646578
2.776133164271555,0.12181040028440067,0.017483319954803345,-0.049637598356922705,14.352895905426477
2.776424923338856,0.1218057926140213,0.017477616898751016,-0.053418378349187515,14.348756757516583
2.7767166824061573,0.12178449751844683,0.017473621569565487,-0.07089186595842599,14.347985109450189
2.777008441473458,0.12182204890348516,0.01744918720738042,-0.04007943504528739,14.32350495205078
2.7773002005407594,0.12179407464625813,0.017441166658282357,-0.06303344505781863,14.320209508499435
2.7775919596080603,0.12180166816991393,0.017464620737161915,-0.05680265163188321,14.338572697377742
2.7778837186753615,0.12175922620976173,0.017430535147599673,-0.09162799731947587,14.315576478427246
2.778175477742663,0.12181484444542046,0.017457306856371216,-0.04599098441047911,14.331017648832626
2.7784672368099637,0.12177927368349184,0.017496075454535697,-0.07517823391763837,14.367038762284416
2.778758995877265,0.12178775493474889,0.017505429254088597,-0.06821902407363414,14.37371865789595
2.7790507549445658,0.12178708581884291,0.017459141654969663,-0.06876806074976907,14.335790644453029
2.779342514011867,0.1217720478457257,0.017454690642371862,-0.08110732619296394,14.333905811032588
2.779634273079168,0.12184568143048664,0.01740178664316303,-0.020687990367742784,14.281824713739079
2.779926032146469,0.12178934449324819,0.017424878381040315,-0.06691472700464357,14.307391548532658
2.78021779121377,0.12177737794030426,0.01745282498147914,-0.07673376791290429,14.331746402057188
2.7805095502810713,0.121778001678707,0.017461771108695734,-0.07622196531433457,14.339019254697575
2.780801309348372,0.12175317025965018,0.017483011750725027,-0.09659714943557139,14.359389339465121
2.7810930684156734,0.12180745548138126,0.017418114474712094,-0.052053928393634236,14.29971129917784
2.7813848274829747,0.12178048288149684,0.017454691773011732,-0.07418603802522489,14.332913911990879
2.7816765865502755,0.12184707779975117,0.017471411732109886,-0.019542212883146424,14.338802413319398
2.7819683456175768,0.12179517158631818,0.017478447680205823,-0.062133361351674805,14.350690140305414
2.7822601046848776,0.12182737500355313,0.017421093735455046,-0.03570915442279636,14.299818686027631
2.782551863752179,0.12180211583260099,0.01745002164710437,-0.056435326282810075,14.326534090004516
2.7828436228194797,0.12184340293349437,0.017444092154633824,-0.022557589347610155,14.316813003126079
2.783135381886781,0.12178449722077014,0.017406697752128376,-0.07089211021419446,14.293032487192214
2.783427140954082,0.1218296582677289,0.017459239738989475,-0.03383564377597062,14.330861620428761
2.783718900021383,0.12182897839031752,0.01741006918171476,-0.03439351070275005,14.290581281849152
2.784010659088684,0.1217831178058525,0.01743040855264021,-0.0720239759711267,14.312664075843326
2.7843024181559852,0.12185822821819237,0.017435050031618844,-0.010392843358657573,14.307651019183245
2.784594177223286,0.12183383756088445,0.017481692880642337,-0.030406364629818213,14.34879934066441
2.7848859362905873,0.12179958946280499,0.017462319258633285,-0.05850831492812618,14.336927846514547
2.7851776953578886,0.1218367473947673,0.01745635475868327,-0.028018728184653455,14.32765986613411
2.7854694544251895,0.1217920033274768,0.017477009918953013,-0.06473304593228912,14.349882949178916
2.7857612134924907,0.12176787891149703,0.017483098971904303,-0.08452810542045391,14.357726461353012
2.7860529725597916,0.12181892499464818,0.0174580804638655,-0.04264272865270841,14.331172652059175
2.786344731627093,0.1218486759047392,0.01740196752211982,-0.018230903074318173,14.281622178417932
2.7866364906943937,0.1218137669546425,0.017413718620058225,-0.04687510919366912,14.295361727498538
2.786928249761695,0.12180432905734942,0.017456390252558865,-0.054619285820211715,14.331502326440164
2.787220008828996,0.12178056831203006,0.01744007009612329,-0.07411593881583656,14.32089728095026
2.787511767896297,0.12180018024701088,0.01741718807670271,-0.05802355258154536,14.2998048454285
2.787803526963598,0.12180683073455811,0.017464901736456182,-0.05256655844194937,14.338195675179957
2.788095286030899,0.12179895620814844,0.017434910050560293,-0.05902792599800606,14.314498739024403
2.7883870450982005,0.12179610509366565,0.01744069012884429,-0.06136738079939191,14.319579526317172
2.7886788041655013,0.12184139286947362,0.017427786708599277,-0.02420692821239322,14.303666675305768
2.7889705632328026,0.12179362126852207,0.017453528131945794,-0.06340545983585437,14.330412340286257
2.7892623223001034,0.12180317890841443,0.01737765043388949,-0.05556302956130589,14.266992528130974
2.7895540813674047,0.12178291983753432,0.017426517263112194,-0.07218641698683828,14.309492075210716
2.7898458404347055,0.12178187284730402,0.017414837031953373,-0.07304551483649352,14.300023989439655
2.790137599502007,0.12178778424367694,0.017401403813303823,-0.06819497491220619,14.288299866336784
2.7904293585693076,0.1217764657583711,0.017454405226086878,-0.07748225009982908,14.333151415906514
2.790721117636609,0.12179716390379722,0.01744914538685974,-0.06049858424246424,14.32639712419095
2.7910128767039097,0.12174848814469912,0.017433300863733445,-0.10043901421126222,14.319110758084994
2.791304635771211,0.12177186272181262,0.01741324711858245,-0.0812592278545556,14.299893858372643
2.7915963948385123,0.12181637711331943,0.017442734237167908,-0.044733368381093874,14.318874563919957
2.791888153905813,0.12181723361560441,0.017418940202143015,-0.0440305735985285,14.29924131843994
2.7921799129731144,0.121797558345168,0.017423361976950335,-0.06017492913695267,14.30518165854641
2.7924716720404152,0.12179814013516291,0.017444072738318106,-0.0596975469044309,14.322117496178445
2.7927634311077165,0.1218280174034884,0.01742857869481894,-0.03518203928166256,14.30588715656132
2.7930551901750174,0.12176616503605547,0.017438850337614463,-0.08593440957095784,14.321589525670571
2.7933469492423186,0.12178129641236618,0.017430644005412554,-0.07351850302800546,14.313071480525457
2.7936387083096195,0.12176102906907632,0.017429014789667303,-0.09014867830048061,14.314115873461974
2.7939304673769207,0.12181961221011459,0.01745829469543649,-0.04207884055485219,14.331267665935766
2.7942222264442216,0.12176435717882854,0.017386781091862872,-0.08741782957927137,14.279039855914382
2.794513985511523,0.12182433314335972,0.017430707164424783,-0.038205123798127086,14.308066963857524
2.794805744578824,0.12179696963886431,0.017454208493612018,-0.06065798648069964,14.330576980170234
2.795097503646125,0.12181734856578118,0.017406286345623932,-0.043936252327117516,14.28884026007557
2.7953892627134262,0.12181826477524584,0.01744702554341239,-0.04318446538762362,14.32217539430731
2.795681021780727,0.12185370399403274,0.017453114014329977,-0.014105152351036066,14.32300655808105
2.7959727808480284,0.1217634210558017,0.017431978005898865,-0.08818595640232826,14.316268264103835
2.796264539915329,0.12181767763327361,0.01742761379561333,-0.0436662391341,14.306309342128769
2.7965562989826305,0.12175412698672945,0.01741952546130587,-0.09581211615377397,14.30713347663731
2.7968480580499313,0.12180674703172041,0.01744805369375685,-0.05263524000725819,14.324373746893592
2.7971398171172326,0.12182811486126285,0.01743508206085696,-0.035102071234170945,14.311213861194462
2.7974315761845334,0.12181196765971154,0.017441800559697882,-0.048351503491661306,14.318626400012283
2.7977233352518347,0.12178880090350153,0.017414767078228286,-0.06736076438773748,14.299153082249944
2.798015094319136,0.12179544254090018,0.017476932840545818,-0.06191103215317123,14.349414457504748
2.798306853386437,0.12181970583517261,0.017375983082385825,-0.042002017406272886,14.263688262304859
2.798598612453738,0.12179297421174723,0.017433904425154655,-0.06393639610228828,14.314376127184774
2.798890371521039,0.12179279531633154,0.017397498674544154,-0.06408318702973298,14.28450560590038
2.79918213058834,0.1218491939659605,0.017361075824566682,-0.017805812879277686,14.248002189835274
2.799473889655641,0.12179252907092454,0.017389197949851713,-0.06430165215960035,14.277721369695268
2.7997656487229423,0.12180407438931623,0.01735476868510659,-0.054828251246398355,14.248101939214624
2.800057407790243,0.1218228698551161,0.01740985010699439,-0.0394058110128975,14.29111802053253
2.8003491668575444,0.12182898274047306,0.017412354245062444,-0.034389941224102535,14.292456403543333
2.8006409259248453,0.12179084370206525,0.017403271445878016,-0.06568456550586091,14.289474411107067
2.8009326849921465,0.12181400566493251,0.017466636814019304,-0.046679237741470606,14.338775511630311
2.8012244440594474,0.12179623840239857,0.01740441961273277,-0.061257995589785036,14.28978418465674
2.8015162031267486,0.12186666397381296,0.0173867696934374,-0.0034709645253102064,14.267043280329325
2.80180796219405,0.12182930039534623,0.017377239879849116,-0.03412929254699625,14.263596543244134
2.8020997212613508,0.12178431986558143,0.017410867015903612,-0.07103763732308306,14.29647678380988
2.802391480328652,0.12183994908520605,0.01743831182530002,-0.025391611625604386,14.31247464910292
2.802683239395953,0.12184438900894565,0.017401021499604388,-0.02174847453901789,14.28134823535192
2.802974998463254,0.12178873288979793,0.01737490913678506,-0.06741657238366551,14.26643395042706
2.803266757530555,0.1217733652333527,0.017436566392704966,-0.08002635633788814,14.318867150703689
2.8035585165978563,0.12177100780492345,0.017386729273287854,-0.0819607217557032,14.278217440017668
2.803850275665157,0.12179820148141071,0.01747637530338356,-0.05964720982577702,14.348631663539686
2.8041420347324584,0.12182937184424633,0.01740719416359918,-0.03407066583333542,14.288175256992655
2.804433793799759,0.12176584454608037,0.017446035676740485,-0.08619738456391882,14.327528168326634
2.8047255528670605,0.12179943519677237,0.017369991943215396,-0.05863489645014823,14.261143259944848
2.8050173119343618,0.12177119901232153,0.01740220257773009,-0.08180382834851059,14.29090188720999
2.8053090710016626,0.12186571766596259,0.01739050349988547,-0.004247448408191759,14.270217935739186
2.805600830068964,0.12175688634399948,0.017401993171143337,-0.09354795185835596,14.292409812433542
2.8058925891362647,0.12174185126639325,0.01741426726626813,-0.10588484141762393,14.304256987321931
2.806184348203566,0.1217536240829429,0.017496319897475826,-0.09622476906027755,14.370266207071348
2.806476107270867,0.12173616897686224,0.017437435674226315,-0.11054738990749173,14.32395632356441
2.806767866338168,0.12181813351938901,0.01738686484015473,-0.04329216612931804,14.272805154568694
2.807059625405469,0.12183313463341836,0.017419591310886193,-0.030983145059192477,14.297909483573337
2.80735138447277,0.12183019171790131,0.017396619901298465,-0.033397926323838985,14.279399593805502
2.807643143540071,0.12177185339284667,0.017429370388612475,-0.08126688264860482,14.313135509553097
2.8079349026073723,0.12179304249080501,0.017408826728021114,-0.06388037037251568,14.29377768384054
2.8082266616746736,0.12185237578445061,0.01737218004957294,-0.015195002058193309,14.25674299555986
2.8085184207419744,0.12178620795376739,0.017416938922177758,-0.0694883845663993,14.30124085051535
2.8088101798092757,0.12176052857757619,0.017384986435643266,-0.09055935182836013,14.278014918904468
2.8091019388765766,0.12175387986687979,0.017406337638553745,-0.09601488798994856,14.296330973259376
2.809393697943878,0.12174825894260896,0.017418066302273976,-0.10062708380072809,14.306624549337249
2.8096854570111787,0.12187089406931279,0.01740247717706227,0.0,14.279436702224237
2.80997721607848,0.12180812679479572,0.017394030928693554,-0.051503088572870295,14.279860783013632
2.810268975145781,0.1217890108765918,0.01740229160252522,-0.06718847297075926,14.288884914385976
2.810560734213082,0.12181172468921132,0.017367480158732036,-0.048550870618713965,14.257642442091
2.810852493280383,0.12182641372103989,0.017458107611868147,-0.03649792562250214,14.33031399236951
2.811144252347684,0.12185401820336611,0.0174042701636398,-0.013847330878755214,14.282885718707487
2.811436011414985,0.12180967573858846,0.017408413681704833,-0.05023211751405337,14.291486760924007
2.8117277704822863,0.12185229716141284,0.017381443116337988,-0.015259515442110893,14.26435407558504
2.8120195295495876,0.12180838699640041,0.017422634008080553,-0.05128958262735289,14.303312306890176
2.8123112886168884,0.12184702658100714,0.01746383172689423,-0.01958423993514678,14.33258752135721
2.8126030476841897,0.12180393059171764,0.017433421349444728,-0.054946242994707524,14.312691934286525
2.8128948067514905,0.12180764724367793,0.017433562788636052,-0.05189657966969874,14.312371335569729
2.813186565818792,0.1217631299501814,0.017403158321677426,-0.08842482034315094,14.292633844742506
2.8134783248860926,0.12179991399790545,0.017373475733032228,-0.05824202074612456,14.263947455111499
2.813770083953394,0.12186404208834486,0.01736949834065477,-0.005622327644550779,14.253177592831541
2.8140618430206947,0.12179321285018016,0.017373457472498292,-0.06374058361173952,14.264717274409756
2.814353602087996,0.12176478814601636,0.017435665883086104,-0.08706420356289012,14.319136220380742
2.814645361155297,0.1218403135911852,0.017401996721590242,-0.025092519720245215,14.28262633989907
2.814937120222598,0.12181760524251327,0.01742205928349047,-0.04372563868220154,14.30175814801712
2.8152288792898994,0.12180439302024336,0.017368418518290393,-0.05456680167752269,14.259271022682933
2.8155206383572002,0.12182589596609131,0.017430365129712678,-0.03692276450838644,14.307602658275707
2.8158123974245015,0.12185657566443654,0.017432622399158614,-0.01174883058468372,14.305852847173245
2.8161041564918023,0.12181342255819547,0.017408751567746055,-0.04715770041420407,14.291324553687137
2.8163959155591036,0.12180219172022198,0.017412345588135078,-0.05637305741904873,14.295592995675321
2.8166876746264045,0.12178163903118538,0.017409628234328872,-0.07323737042302945,14.295774283240416
2.8169794336937057,0.12177167217912284,0.017456851696483085,-0.08141557584168924,14.335724708456436
2.8172711927610066,0.12181837053106412,0.01744021484706827,-0.04309768845939082,14.316572099132578
2.817562951828308,0.12185042188825938,0.017404490741395082,-0.016798252946071478,14.28348828972914
2.8178547108956087,0.12180433585390053,0.017392460307323523,-0.05461370897500558,14.279015755387467
2.81814646996291,0.1217913922034579,0.017439559604956672,-0.06523449791848385,14.319205396571144
2.8184382290302112,0.1218366990667325,0.017431372245297574,-0.02805838329276219,14.307160632897686
2.818729988097512,0.12185524816063774,0.017405940727864153,-0.012838101168067344,14.284112494620238
2.8190217471648134,0.12179998481541858,0.017418348899222526,-0.05818391211102163,14.300780846253069
2.819313506232114,0.12183715997407259,0.017361543047329547,-0.027680190169945173,14.249792962199832
2.8196052652994155,0.12182283007574735,0.017408513554728965,-0.03943845159460579,14.290025559170353
2.8198970243667163,0.12178758119567258,0.01742346602161412,-0.06836158401596741,14.306439006798517
2.8201887834340176,0.12179758284984345,0.017381940986594294,-0.060154822059189185,14.271170724318392
2.8204805425013184,0.12181157286238156,0.017400487967779942,-0.04867545067609409,14.284757645678217
2.8207723015686197,0.1218028117300484,0.017385241188637494,-0.05586431426823728,14.273267539314617
2.8210640606359205,0.12179735869385497,0.01742403647601201,-0.06033875111804359,14.305758895649273
2.821355819703222,0.12175851548032882,0.017403797476204266,-0.09221117957832892,14.293700450886334
2.821647578770523,0.12175720561405222,0.017392086348363592,-0.09328597786105264,14.284235795861877
2.821939337837824,0.12175223681946548,0.017344437069197343,-0.09736307487809082,14.245682479670347
2.822231096905125,0.12177962073874225,0.017351782055069705,-0.07489346104133884,14.248510505953243
2.822522855972426,0.12171950548616117,0.017427579403154442,-0.12422045830361429,14.317819755795723
2.8228146150397273,0.12178677348319548,0.01739594975658994,-0.06902434478691677,14.283940085653299
2.823106374107028,0.12181576969687045,0.017388675814620332,-0.04523177815613561,14.274568767156147
2.8233981331743294,0.12177031997825907,0.017407575724581095,-0.0825251113662232,14.295417576047308
2.8236898922416303,0.12179144291529437,0.01740099467543071,-0.06519288680464615,14.287534705975244
2.8239816513089315,0.12176473278746759,0.01738545688984899,-0.08710962749220118,14.277908300586649
2.8242734103762324,0.12179757044471255,0.01736176525049324,-0.06016500097105282,14.25460720365867
2.8245651694435336,0.12176348219877656,0.01742657672579478,-0.08813578611734707,14.3118251967747
2.824856928510835,0.12180707767683754,0.01735544854209294,-0.052363932309338904,14.248308779017032
2.8251486875781358,0.12178610892779554,0.017400885616596345,-0.0695696393833179,14.288070921875802
2.825440446645437,0.12182449944630874,0.017397296712610543,-0.038068665499127255,14.280622363876807
2.825732205712738,0.12182955641368594,0.01741533248856368,-0.0339192191396713,14.294833701460723
2.826023964780039,0.12172905767275752,0.017417119438617144,-0.11638250267910498,14.308103399140192
2.82631572384734,0.12178309555754532,0.017388125106479874,-0.07204223160743148,14.27794639877879
2.8266074829146413,0.12173590365510402,0.017420814407849292,-0.11076509714615833,14.310333997441756
2.826899241981942,0.12175787446419076,0.01739488154485334,-0.09273715925785289,14.286453029343257
2.8271910010492434,0.1217765236991496,0.017417277243692783,-0.07743470734654331,14.30265597556585
2.827482760116544,0.12175717941325515,0.017368326886838918,-0.09330747667524752,14.264725062239828
2.8277745191838455,0.12177162328740754,0.017376881167385453,-0.08145569347246127,14.270057915194439
2.8280662782511463,0.12171075587728773,0.017381679485519375,-0.13139986643076224,14.281136749363451
2.8283580373184476,0.12172548826168898,0.017369707907628627,-0.1193113488944328,14.269573411187906
2.828649796385749,0.12179952502677567,0.017355180453678228,-0.05856118729753801,14.248972194155083
2.8289415554530497,0.12181097827688772,0.01743784490242722,-0.04916333213325509,14.315495326529085
2.829233314520351,0.12174734186477525,0.01741461921419404,-0.10137958327217134,14.303900970204717
2.829525073587652,0.12173742509668294,0.017364224915108445,-0.10951669276664229,14.263670273392025
2.829816832654953,0.12180871854371861,0.01739044336008248,-0.05101753463695381,14.276846163389234
2.830108591722254,0.12175413485012153,0.017412421725648768,-0.09580566392238893,14.30129806029449
2.830400350789555,0.12176852054871895,0.01736263169659523,-0.08400161611648709,14.258719427939942
2.830692109856856,0.12171754590286857,0.017341973602575195,-0.12582837568829353,14.247718744193387
2.8309838689241573,0.12172905055072583,0.017391787819424822,-0.11638834659429163,14.287294397467985
2.831275627991458,0.12175543857883721,0.017381319630908672,-0.09473590175675017,14.275600198059479
2.8315673870587594,0.1217430096472789,0.01737113707080273,-0.10493434302792248,14.268693636810378
2.8318591461260607,0.12175862129455968,0.017401163582054388,-0.09212435472021033,14.29152481938615
2.8321509051933615,0.12176025627452387,0.017411032900690012,-0.09078278750132737,14.299438448482434
2.832442664260663,0.12171305192566141,0.017380600910994016,-0.1295158658322493,14.27998118197673
2.8327344233279637,0.12172349827477447,0.017394566684012003,-0.12094421368115084,14.290229027715013
2.833026182395265,0.12176293581123333,0.01732821203429313,-0.08858411920573242,14.231105647088464
2.8333179414625658,0.12175010706379691,0.017317736245638902,-0.09911062558315219,14.224000835222617
2.833609700529867,0.1217152741069402,0.01739414547105978,-0.1276924761740674,14.29084853867816
2.833901459597168,0.1217748941536958,0.017399047245146133,-0.07877181532974187,14.287877124480408
2.834193218664469,0.121757310557961,0.017367677324512824,-0.09319986713741624,14.26417620833138
2.83448497773177,0.12178610488471744,0.017410597966738172,-0.06957295689249464,14.296046320899269
2.8347767367990713,0.12173790821181645,0.017399482938664987,-0.10912027725069913,14.292575906915504
2.8350684958663726,0.12174119941409807,0.01739998940925043,-0.1064197126025456,14.292605537805674
2.8353602549336734,0.12172320045650763,0.01739029202005659,-0.12118858562008986,14.286752200760805
2.8356520140009747,0.1217769046304269,0.01737005525476282,-0.07712213781941496,14.263833776591806
2.8359437730682755,0.12173209187419713,0.017354078757491762,-0.1138928176211712,14.255960355487991
2.8362355321355768,0.12178285305368294,0.017385483230868266,-0.07224121583925468,14.275805497186532
2.8365272912028776,0.12180124297669817,0.01741881761176778,-0.05715153987054612,14.301017942074841
2.836819050270179,0.1217564800053439,0.017399509321365005,-0.09388136916744633,14.29041749613765
2.8371108093374797,0.12173391982695603,0.017340955528791804,-0.112392908415733,14.244966032016269
2.837402568404781,0.12176645552191055,0.017365149402888816,-0.08569605417256945,14.261028892118935
2.837694327472082,0.12175692883840969,0.01739763511254429,-0.09351308347527124,14.288825513686904
2.837986086539383,0.12177452875000598,0.017404331406206328,-0.07907164384303073,14.292259296635113
2.838277845606684,0.12181884153611547,0.017394039543336647,-0.04271120975588493,14.278611850187279
2.8385696046739852,0.1217849476849087,0.017410031549247737,-0.07052248616080581,14.295717065373545
2.8388613637412865,0.12178302787128235,0.017345409382215408,-0.07209777092507282,14.242879065667925
2.8391531228085873,0.12176831727566144,0.017395301345772045,-0.08416840988546996,14.285572581570813
2.8394448818758886,0.12178275695287623,0.017427147594964228,-0.07232007043981298,14.310028801292168
2.8397366409431894,0.12172517608020021,0.017342860596878062,-0.11956750643816365,14.247554331284347
2.8400284000104907,0.12170918200524306,0.017365884598977564,-0.13269129212899514,14.2683438610486
2.8403201590777916,0.12174748541084876,0.017411007346417484,-0.1012617979103669,14.3009174174418
2.840611918145093,0.12174318618412017,0.01730541955675014,-0.10478948740622664,14.214692500800846
2.8409036772123937,0.121714191695654,0.017383978791936663,-0.1285806384333706,14.282622716178613
2.841195436279695,0.12175186459541144,0.01737725069286843,-0.09766849977620143,14.272677260930703
2.8414871953469962,0.12175656065722137,0.017410131484753184,-0.09381519103846475,14.29913212953473
2.841778954414297,0.12177785460113069,0.01737317275628859,-0.07634264841708488,14.266282497086529
2.8420707134815983,0.12174074913044541,0.01739016737332094,-0.10678918855994679,14.28459040833349
2.842362472548899,0.12178143311035243,0.017386450945936032,-0.07340633679890388,14.27676658245701
2.8426542316162005,0.12178440528413906,0.01736233629003405,-0.0709675479401486,14.2566170516869
2.8429459906835013,0.12174367839826775,0.0173583016103597,-0.10438560578105414,14.258072237290545
2.8432377497508026,0.12172596627997528,0.01734019419557364,-0.11891911554786413,14.245271346370256
2.8435295088181034,0.12172673104203006,0.017382524712175024,-0.11829159733638227,14.279956886522443
2.8438212678854047,0.12169130356588433,0.017398083093704227,-0.1473612750607366,14.296899272087106
2.8441130269527055,0.12172478062550161,0.017333638249871015,-0.11989199302014733,14.240024225798095
2.844404786020007,0.1216562076717341,0.01736315928131646,-0.1761588763405504,14.272316730575401
2.8446965450873076,0.1216595654098016,0.017394315153116582,-0.17340371638775998,14.29753188294325
2.844988304154609,0.12168546418956502,0.017361566082949136,-0.15215271961679408,14.267575998972895
2.84528006322191,0.12168985911288034,0.0173784430216544,-0.14854650719923496,14.280929527195886
2.845571822289211,0.12162973701230331,0.017307908981548246,-0.1978791235192849,14.229997866226977
2.8458635813565123,0.12169071815710028,0.017375931691289936,-0.14784162665618214,14.278765015469755
2.846155340423813,0.12169081823024405,0.017354603806231814,-0.14775951259233128,14.261226983778009
2.8464470994911144,0.12166393958038753,0.017337083787644366,-0.16981453242441424,14.249977312455151
2.8467388585584152,0.1216422767171077,0.017398189441795244,-0.18758978831734938,14.302748938394682
2.8470306176257165,0.12163850529848129,0.01734271361203952,-0.19068438990800152,14.257585268318856
2.8473223766930174,0.12169121361780075,0.01738942160560356,-0.14743508110299597,14.289792244343161
2.8476141357603186,0.12162422583052919,0.017345118142838623,-0.2024012711708717,14.261236217040555
2.8479058948276195,0.121642271322509,0.017316956796751052,-0.1875942148038698,14.235969625097487
2.8481976538949207,0.12162105919326732,0.01733465044023385,-0.20499962517988238,14.253000718146565
2.848489412962222,0.12165224041034765,0.01733693739670846,-0.17941417484044608,14.251227382437746
2.848781172029523,0.12154729722467629,0.017328865307813704,-0.26552430513265357,14.256890694806525
2.849072931096824,0.12156015819239643,0.017243955504713592,-0.2549713607086724,14.185532300329138
2.849364690164125,0.12154427326967548,0.017333904963088266,-0.26800558257293033,14.26139175198225
2.8496564492314262,0.12151433289445208,0.01730041477864331,-0.2925728719590013,14.23734498355065
2.849948208298727,0.12150415636337866,0.017303854415841816,-0.30092312749059213,14.241368306851761
2.8502399673660284,0.12147003991635032,0.017235526092481978,-0.3289170527742962,14.18911700724815
2.850531726433329,0.12146887279212229,0.017314318437761055,-0.3298747254302162,14.254119627332175
2.8508234855006305,0.12142602494532122,0.017290729516577518,-0.36503311753711504,14.23972292954795
2.8511152445679313,0.12134125183230655,0.017253101218829323,-0.4345928870473392,14.21866097332924
2.8514070036352326,0.12136139214049528,0.017238401540284536,-0.41806694921572557,14.204189022756365
2.851698762702534,0.12132363676676718,0.01724853854147111,-0.44904676110307534,14.216964641959864
2.8519905217698347,0.12125061035839671,0.017265726508575125,-0.5089678841309685,14.239702759054573
2.852282280837136,0.12123332441384821,0.01721427570414359,-0.5231517010960509,14.199293624399894
2.852574039904437,0.1211682903650534,0.017251390709289743,-0.5765147696871614,14.237545695590073
2.852865798971738,0.12112118306680768,0.017180114573982445,-0.6151682140599684,14.184236100555827
2.853157558039039,0.12101877659211381,0.01715808493597529,-0.6991968703489952,14.178035358765474
2.85344931710634,0.12093456686896581,0.01713261163705774,-0.7682943556764666,14.166844170882218
2.853741076173641,0.12091978475998105,0.017064470158288228,-0.7804236742456316,14.112223398478783
2.8540328352409423,0.12082445667773686,0.01705242297670004,-0.8586442231077517,14.11338684698768
2.854324594308243,0.1207349774300505,0.017053912651662527,-0.9320655665463832,14.125080415526602
2.8546163533755444,0.12068783531628349,0.017028583256575455,-0.9707475784631893,14.109610311552185
2.8549081124428453,0.12053405007708946,0.01707655970649809,-1.096934590028531,14.167415510867267
2.8551998715101465,0.1205177344587706,0.017035832120252937,-1.1103222150586536,14.135539633862711
2.855491630577448,0.12038283282270856,0.017052835864249306,-1.2210144661430833,14.165504718902515
2.8557833896447486,0.12033416411835963,0.01708603782281381,-1.260949107404719,14.198825369334124
2.85607514871205,0.12029564998240964,0.017028709617988743,-1.2925515143978819,14.155715207057597
2.8563669077793508,0.12024652565588101,0.017101898027766748,-1.3328600120943837,14.222363543965173
2.856658666846652,0.12017845912407062,0.017115676132190196,-1.3887113557069781,14.241883493047787
2.856950425913953,0.12015604654661362,0.01711748994989875,-1.4071017824189143,14.246049567932605
2.857242184981254,0.12015716791127137,0.01711208562257388,-1.4061816573420298,14.241418901625657
2.857533944048555,0.12012721774372155,0.017121805568731926,-1.4307569817281693,14.253060955144612
2.8578257031158563,0.12020419172387699,0.01712759748491537,-1.3675967163151177,14.248752260037199
2.858117462183157,0.12014471355805013,0.017176324023546994,-1.416400958116303,14.296362707001617
2.8584092212504584,0.12018365835391333,0.017201694195981124,-1.3844451772380202,14.312839558707788
2.8587009803177597,0.12023010913423005,0.017196405794261762,-1.3463304323914786,14.3029112408631
2.8589927393850605,0.12022816847075725,0.0171975756323696,-1.3479228252984288,14.304115126358694
2.8592844984523618,0.12029477617115905,0.0172852937524791,-1.2932685118871232,14.36911418986728
2.8595762575196626,0.12032905411156154,0.017355120494893614,-1.265142074755222,14.423050711262997
2.859868016586964,0.12039497958923495,0.017308923340890084,-1.2110475526982043,14.376781656465143
2.8601597756542647,0.12045136255022802,0.01735281722270688,-1.1647830517083262,14.40649309008089
2.860451534721566,0.12055980158832594,0.017320267336025295,-1.0758044330430343,14.366536032606122
2.860743293788867,0.12068319307910416,0.01739064682511855,-0.9745567219135447,14.410164647963457
2.861035052856168,0.1206892504588943,0.01738346248913989,-0.9695863966883203,14.403488647947604
2.861326811923469,0.12081593901351793,0.017346662547580022,-0.8656333112604037,14.35792552639857
2.86161857099077,0.12087006021084992,0.017348325588368855,-0.8212246788750472,14.352872463293089
2.8619103300580715,0.12094316755225645,0.017383291897313233,-0.7612371470161673,14.373107839930153
2.8622020891253723,0.12097880718368145,0.01739785637818204,-0.7319933873004718,14.380912478139226
2.8624938481926736,0.12101186383477741,0.017295807013624424,-0.7048690674631546,14.292654013856954
2.8627856072599744,0.12110691078164208,0.01735047473633837,-0.6268792015558654,14.326576926416351
2.8630773663272757,0.12115057938832695,0.017318109754219022,-0.5910473427528689,14.294698252089127
2.8633691253945766,0.12122543322940837,0.017352082321233014,-0.5296267372399117,14.313895903672076
2.863660884461878,0.12125444661197259,0.01732629213327572,-0.505820082840782,14.289201441594747
2.8639526435291787,0.12124121098175179,0.017354849259872154,-0.5166804530069883,14.314315338275746
2.86424440259648,0.12125385709094902,0.01728107142894798,-0.5063038086951533,14.251976674017016
2.8645361616637808,0.12133212364796687,0.01731167944991122,-0.4420829316633145,14.268009929620403
2.864827920731082,0.12125382475872871,0.01732635335735049,-0.5063303385902121,14.289325216607828
2.8651196797983833,0.12129614936899359,0.01733972565733691,-0.4716012832336436,14.295363659556854
2.865411438865684,0.1212609595893472,0.017369853047886224,-0.5004759213620718,14.324357243015063
2.8657031979329854,0.12132439631879638,0.017348073550237087,-0.4484235179283998,14.298916027286598
2.8659949570002863,0.12132155643862919,0.01739959579333044,-0.4507537545192452,14.34171824372536
2.8662867160675876,0.12134614857603891,0.01729814522014563,-0.43057491067180464,14.255207456630668
2.8665784751348884,0.1212793642738635,0.017319349085873244,-0.4853741329844162,14.280540790735062
2.8668702342021897,0.1213290224073789,0.017308963997950965,-0.44462762505516557,14.266136538901414
2.8671619932694905,0.12132154924539097,0.01730980451515682,-0.45075965686226843,14.267708105297233
2.867453752336792,0.12133408593139941,0.017311924022190284,-0.4404727987045627,14.267980748606952
2.8677455114040926,0.12140551473419357,0.017301434410759115,-0.3818625756979615,14.250946053512516
2.868037270471394,0.12137166225623783,0.017302572957801046,-0.4096399036762826,14.255858934577448
2.868329029538695,0.12141339061888637,0.01732387489533403,-0.375400093615639,14.268504328087866
2.868620788605996,0.12133658344074741,0.01733787258108196,-0.43842349122465035,14.289072668300905
2.8689125476732973,0.12137053086119157,0.017254505640608805,-0.41056825909280853,14.216388045910708
2.869204306740598,0.12132498744375608,0.01725406154240072,-0.4479384759795262,14.221358605455753
2.8694960658078994,0.1213148949574269,0.01730060792151984,-0.4562197693976646,14.260909946458884
2.8697878248752002,0.12131211595640948,0.01728080058310477,-0.458500052182688,14.244909048750083
2.8700795839425015,0.12131794504551649,0.017280557826686097,-0.4537170487005793,14.244024509484328
2.8703713430098023,0.12127017707677921,0.0172561927094668,-0.4929125999452494,14.229543590541201
2.8706631020771036,0.12123852070820557,0.017246853811477964,-0.5188879313116087,14.225556127484717
2.8709548611444045,0.12119874487208324,0.017226477285453033,-0.5515256143499458,14.213412278843622
2.8712466202117057,0.1211836721643713,0.017209487265446622,-0.5638933809336251,14.2011600722117
2.8715383792790066,0.12122580985473443,0.01723672029895916,-0.5293177009200198,14.218688511641226
2.871830138346308,0.12116804084938256,0.01718632233111656,-0.5767195073915595,14.18387407326322
2.872121897413609,0.12112202327010504,0.017187892611456382,-0.61447879325627,14.190559361056053
2.87241365648091,0.12105328930913924,0.01718099019041558,-0.6708777894979129,14.192914780316057
2.8727054155482112,0.12103607641566858,0.01718768648553276,-0.6850016650976697,14.200465674800865
2.872997174615512,0.12096958613598968,0.017188785179900946,-0.7395596300544853,14.209179124228738
2.8732889336828134,0.12100015393619344,0.017165105925235232,-0.7144775130837389,14.186019907286104
2.873580692750114,0.12094468012299285,0.017118211964359233,-0.75999602152189,14.153753556544304
2.8738724518174155,0.120862220301844,0.017129975316400228,-0.82765764145056,14.173143000037104
2.8741642108847163,0.12084585440401494,0.017149835251630843,-0.8410865228533315,14.191496544262973
2.8744559699520176,0.12078855835362236,0.017117438739260717,-0.8881002506429962,14.171407435087893
2.8747477290193184,0.12072593017605511,0.017127442317001383,-0.9394892045400839,14.18704522882894
2.8750394880866197,0.12068337131339549,0.017064138835177038,-0.9744104734653923,14.139594087792085
2.875331247153921,0.1206134179228786,0.01705474437658108,-1.0318100609970213,14.140005871889022
2.875623006221222,0.1205103184938317,0.017026953050993703,-1.1164073143725928,14.129041615523755
2.875914765288523,0.12043387422276648,0.01700564130245179,-1.179132932042833,14.120314082893708
2.876206524355824,0.1203656519886241,0.016977910790569345,-1.2351120357192025,14.105278798451527
2.876498283423125,0.12034157001619321,0.016951458714156934,-1.2548722685580609,14.086120624715084
2.876790042490426,0.12022096113028248,0.01692048744968816,-1.3538367397977098,14.074490247463222
2.8770818015577273,0.12009590366129391,0.01692916697512449,-1.4564514534613702,14.096373364132189
2.877373560625028,0.11999346700951462,0.016943217552475274,-1.540504871270084,14.120116681962193
2.8776653196923294,0.11994177696941999,0.01686137091961047,-1.582918640767197,14.057963243207077
2.8779570787596302,0.11978084438635507,0.016906009645025866,-1.7149703371906184,14.114117939004718
2.8782488378269315,0.11975919784043686,0.01685037013131779,-1.7327322040280786,14.070209583207678
2.878540596894233,0.11965445477351472,0.016858894112481013,-1.8186781287888893,14.089650188446386
2.8788323559615336,0.11957941147067468,0.016921219473819936,-1.8802541953412208,14.150612773311439
2.879124115028835,0.11953651967166959,0.016872506423479483,-1.9154486520100078,14.114938656255946
2.8794158740961358,0.11934706663547877,0.016824496761320504,-2.070902534282399,14.097117956579103
2.879707633163437,0.11934549784735275,0.016888002753530026,-2.072189788419654,14.150515149830282
2.879999392230738,0.11933043621884729,0.016852714678190037,-2.0845484640661134,14.12272946633902
2.880291151298039,0.11920921477691605,0.016880554197726643,-2.184015562307215,14.160444080867675
2.88058291036534,0.11915024057637096,0.0168476443828564,-2.232406280202135,14.139832451330786
2.8808746694326413,0.11914868099063247,0.016863286404655283,-2.233685983408051,14.153145686926305
2.881166428499942,0.11907079827139136,0.016918986860631695,-2.297591906012358,14.209182357263787
2.8814581875672434,0.11902571524726342,0.016916373448628206,-2.334584351560757,14.21236865788726
2.881749946634544,0.11902704013747113,0.016872866893222368,-2.3334972255346225,14.175658634991619
2.8820417057018455,0.11897489904971538,0.01690332679163255,-2.3762810978889997,14.207473111256226
2.8823334647691468,0.11902944328913781,0.01693817704823509,-2.3315253423503486,14.230241342127497
2.8826252238364476,0.11891261873534534,0.016851491431040463,-2.4273846159567514,14.171323119664475
2.882916982903749,0.11901768419947431,0.016912760418567877,-2.3411741512421673,14.210291968227173
2.8832087419710497,0.11901867183678351,0.016901869035260263,-2.3403637548659515,14.201023061691258
2.883500501038351,0.11901600386995058,0.016928619307013004,-2.342552929609688,14.223817601463914
2.883792260105652,0.11900551383060554,0.01696172994681718,-2.3511604313640255,14.252894173425268
2.884084019172953,0.11902076121993829,0.016966153466980147,-2.3386493314420993,14.254784873731749
2.884375778240254,0.11905490495655642,0.016955273944917366,-2.3106330139457256,14.241558507063955
2.884667537307555,0.11903653695656358,0.016928954948152154,-2.3257047011874694,14.221646043289656
2.8849592963748565,0.11903499125640205,0.01698330184579785,-2.326973010715627,14.26748695198013
2.8852510554421573,0.11908234161887743,0.0168982311433602,-2.2881201223069683,14.190375259367103
2.8855428145094586,0.11903082212449917,0.016953769389550823,-2.330393952142794,14.243175916081793
2.8858345735767594,0.11905994239949634,0.016920813674896406,-2.306499588177096,14.212012314032487
2.8861263326440607,0.11906290174249344,0.016941016417353925,-2.304071327500337,14.22862719572682
2.8864180917113615,0.11909852099928217,0.0169246530719737,-2.2748442859981455,14.210632449479123
2.886709850778663,0.11908072299152972,0.016960763852016662,-2.28944827154233,14.243081017590976
2.8870016098459637,0.11911358698139227,0.01695610752379729,-2.262482038042922,14.23524213610169
2.887293368913265,0.11912862883984242,0.01700516468846562,-2.2501395845268295,14.27462470950414
2.8875851279805658,0.11913832947843596,0.016955655547638556,-2.2421798180316204,14.231906408178679
2.887876887047867,0.11913304877405212,0.017004338645494506,-2.246512849658381,14.273401730652385
2.888168646115168,0.11919170216270465,0.01699392010681886,-2.1983853709027286,14.257636897928531
2.888460405182469,0.11923279126621437,0.01704371700331485,-2.1646700988326364,14.294487969556014
2.8887521642497704,0.11929607341033155,0.01698223980730206,-2.112744538919058,14.235371979838632
2.8890439233170713,0.11928021001302577,0.017027842705769715,-2.125761098309157,14.275496919321505
2.8893356823843726,0.11934092962528296,0.01700241601927116,-2.0759381994776636,14.246927749479433
2.8896274414516734,0.11937233512687977,0.017078421567607353,-2.050168714616953,14.306850535724928
2.8899192005189747,0.11946100171634842,0.017058492746449265,-1.977414190129566,14.27954939382932
2.8902109595862755,0.11951024440632478,0.01707812195301334,-1.9370085704347173,14.290090391706642
2.8905027186535768,0.1195501159801425,0.01714601729408485,-1.9042923307433632,14.342116821478314
2.8907944777208776,0.11957958722464682,0.017121460574615274,-1.8801099820953249,14.318046225105492
2.891086236788179,0.11975335155944007,0.01714452983414462,-1.7375293141514032,14.316534452595143
2.8913779958554797,0.11976914753948595,0.017177419292851194,-1.724568073351042,14.342106999791476
2.891669754922781,0.11987176516949224,0.0171756950102972,-1.6403661555839222,14.328390831662224
2.891961513990082,0.11989959916373191,0.017192742550491805,-1.6175272370281615,14.339282758580222
2.892253273057383,0.1200076083594636,0.017171154684411622,-1.5289013214176155,14.308388375658796
2.8925450321246844,0.12007114550135801,0.0172210658552971,-1.4767665255095137,14.34238491137101
2.8928367911919852,0.12015973027699792,0.017242971988024356,-1.4040791325791553,14.350042188239803
2.8931285502592865,0.12018002253831488,0.01719544688005054,-1.387428511057155,14.308074267974462
2.8934203093265873,0.12026135038938694,0.017221701819908036,-1.3206957183808234,14.320229869485857
2.8937120683938886,0.12034848178198813,0.017208764124628576,-1.249200885043803,14.299111937118026
2.8940038274611894,0.12044654750336117,0.01725852090036868,-1.1687339924999072,14.328780075565938
2.8942955865284907,0.12044096189986762,0.0171955664522697,-1.1733172061837032,14.277174626491089
2.8945873455957916,0.12059842585176765,0.01724700209071711,-1.0441116619866846,14.301183426652756
2.894879104663093,0.12058451703942116,0.01715803866725962,-1.0555244053268444,14.229056174475831
2.895170863730394,0.12062864394641822,0.017189026695456647,-1.0193164925729135,14.249539854805798
2.895462622797695,0.12066550101545313,0.0172375342627012,-0.9890737760355621,14.285387387148594
2.8957543818649962,0.12068466112174948,0.017205595541186676,-0.9733521335197914,14.256654807050642
2.896046140932297,0.12066901656014922,0.01718910311357655,-0.9861891293584892,14.24483566998194
2.8963378999995983,0.12075561063663559,0.01722547428239389,-0.9151351856357832,14.264740322689336
2.896629659066899,0.12079256931175135,0.017214779681991123,-0.8848090971976869,14.251522076297434
2.8969214181342005,0.12080635640305681,0.01719459826882084,-0.87349623089704,14.233190024747538
2.8972131772015013,0.12081408602031113,0.017183164700608756,-0.867153767166595,14.222815622443182
2.8975049362688026,0.12083741571672946,0.017161325371330922,-0.8480108072363431,14.201996351495131
2.8977966953361034,0.12081993418817176,0.017133975724264307,-0.8623551087951344,14.181414548346707
2.8980884544034047,0.12082506181053494,0.01721415137770691,-0.8581476871606742,14.247169519102188
2.8983802134707055,0.12082760799289335,0.01719823722708209,-0.8560584415061998,14.233698334981215
2.898671972538007,0.12084488327091682,0.017189341918715993,-0.8418833768565244,14.224302637770739
2.898963731605308,0.12083234256703748,0.017148989054475563,-0.8521735318398814,14.192383173372102
2.899255490672609,0.12085107334726843,0.017124707902205005,-0.8368041687331408,14.170091690453383
2.89954724973991,0.1208617153391587,0.017119007808462938,-0.8280719837667965,14.164127788873481
2.899839008807211,0.12077660883159409,0.0171140189473778,-0.8979053169958113,14.16997803874497
2.9001307678745123,0.12080955813317988,0.017134217274839852,-0.8708690817754076,14.182832500679437
2.900422526941813,0.12076719377733491,0.01707997303912806,-0.9056307499887165,14.142891380435104
2.9007142860091144,0.1207416561419378,0.01712161521213242,-0.9265854131936911,14.18037134756965
2.9010060450764152,0.12071305717679061,0.017112652226633548,-0.9500520213330584,14.176305883439907
2.9012978041437165,0.12065358566761834,0.01709323264506026,-0.9988508010797973,14.16719822330803
2.9015895632110174,0.12065617719203187,0.017100517960935587,-0.9967243504343718,14.17293201136237
2.9018813222783186,0.12055830172071644,0.01708179581924825,-1.0770351351076692,14.168908798018474
2.90217308134562,0.12054217233794592,0.017077991456685697,-1.090269946334491,14.167648653955485
2.9024648404129207,0.12054482269256636,0.017027226467052077,-1.0880952231237713,14.125224200194618
2.902756599480222,0.12046011565708224,0.016989457637469067,-1.1576007733464049,14.103803192281097
2.903048358547523,0.120359703298166,0.016989817391128783,-1.2399931769494585,14.115868455607657
2.903340117614824,0.12029281996057027,0.016983834399697837,-1.2948736618318404,14.118743251064211
2.903631876682125,0.12025149595064936,0.01696810798338857,-1.3287816841176243,14.110517170075125
2.9039236357494262,0.12020807468421446,0.016926478072904778,-1.3644105902370858,14.080982594031628
2.904215394816727,0.12018526465847805,0.0169740555305465,-1.3831271393447326,14.123241795723022
2.9045071538840284,0.12006910571504766,0.01694353882393326,-1.4784402527156169,14.111489148710975
2.904798912951329,0.1200624685776409,0.016897751398602927,-1.483886292524746,14.074132906634052
2.9050906720186305,0.11994624721572258,0.016942668429865186,-1.579250622790687,14.125217606344867
2.9053824310859317,0.11989853761304235,0.016919023902155803,-1.6183982823238137,14.111117815931879
2.9056741901532326,0.119810061416445,0.016925922950739827,-1.6909965817561898,14.1272967817848
2.905965949220534,0.11970091240767558,0.01686150176440203,-1.780557760085891,14.086360266808475
2.9062577082878347,0.11968865608451762,0.016893582429783716,-1.7906145691801036,14.114606164392377
2.906549467355136,0.11955331852272881,0.016838315161105635,-1.901664514962759,14.08435614265649
2.906841226422437,0.11950363158656822,0.016835293683757416,-1.9424346566278623,14.087683746716902
2.907132985489738,0.11947089338150269,0.016778749709652544,-1.9692976786115353,14.044215486087884
2.907424744557039,0.11931098549700724,0.01679765401449428,-2.1005085683950337,14.078882966661629
2.90771650362434,0.11934399028378163,0.01680696831103081,-2.0734268053322076,14.082794006691437
2.908008262691641,0.11919190866058132,0.016830279391291898,-2.1982159310391336,14.12032039793817
2.9083000217589423,0.11914843965951186,0.016815274373399174,-2.233884005357802,14.112878373776317
2.908591780826243,0.11906559102538711,0.016756243176927962,-2.301864662066228,14.073119725542877
2.9088835398935444,0.11900388256105705,0.016796763154318516,-2.3524989540366787,14.114466513897677
2.9091752989608457,0.11895754529996415,0.016803634453420323,-2.3905205517666097,14.125740751499341
2.9094670580281465,0.11890382427944923,0.016804170823848438,-2.4346008228806975,14.132573889595903
2.909758817095448,0.11888136404279634,0.016833800746535576,-2.45303035589136,14.160167896858537
2.9100505761627486,0.11886244967830852,0.016825731667679887,-2.4685503573094727,14.155632593150614
2.91034233523005,0.11887319071541895,0.01687873440614321,-2.4597369017321915,14.198941161216664
2.9106340942973508,0.11888245075903489,0.016863251417697907,-2.4521386612444545,14.184811391446122
2.910925853364652,0.11889806880868853,0.01690791455759975,-2.4393234195307483,14.220512348947587
2.911217612431953,0.1189075232570696,0.016939326397442882,-2.4315656620667743,14.245798695866588
2.911509371499254,0.11898162015011597,0.016974561092956166,-2.3707661630459276,14.266540556045388
2.9118011305665554,0.1190135983679057,0.01693840727465108,-2.3445267413743793,14.232329336257465
2.9120928896338563,0.11902129949001289,0.016957751909838434,-2.3382076590651906,14.247661538312615
2.9123846487011575,0.11910928777207012,0.016975100459569892,-2.2660097132560844,14.251701758181762
2.9126764077684584,0.11915198273992227,0.016987268093782384,-2.2309767645129175,14.256806897507667
2.9129681668357597,0.11921715903064693,0.01695313608696277,-2.177496980662642,14.220382556343806
2.9132599259030605,0.11918391156936402,0.016942636480166303,-2.2047778679793506,14.215539880402257
2.9135516849703618,0.11931071596545278,0.016951575908598398,-2.100729729941856,14.207924050599813
2.9138434440376626,0.11935316530242052,0.016956862820855546,-2.065898331278621,14.207300474930644
2.914135203104964,0.11935814816904157,0.01691437967976921,-2.0618096875880125,14.171114363984715
2.9144269621722647,0.11933808063312559,0.016880029438970295,-2.0782759128251587,14.144713363426405
2.914718721239566,0.11942475686579586,0.016881290645263617,-2.007154556629175,14.13550346536108
2.915010480306867,0.11938483995579029,0.01686196579189588,-2.039907996497163,14.124042716093665
2.915302239374168,0.1193210211167769,0.016901324125083165,-2.092273936290042,14.164582205965372
2.9155939984414694,0.11927722080253438,0.01682674703255989,-2.128213866473553,14.107259474478262
2.91588575750877,0.1192593366202926,0.016799087023982237,-2.142888561673214,14.086181845425244
2.9161775165760715,0.11919179453202873,0.016803027654757552,-2.1983095781346655,14.09747014945925
2.9164692756433723,0.11919223663484316,0.016753105665734166,-2.1979468148860626,14.055534268610893
2.9167610347106736,0.11908000691655249,0.016767112863419798,-2.2900358400365954,14.080544079216976
2.9170527937779744,0.119012826331216,0.016697972185977804,-2.3451602287181776,14.03039714350358
2.9173445528452757,0.11899313598970943,0.016763011654463054,-2.361316950679516,14.087376986108447
2.9176363119125766,0.11890552548808832,0.016730031250625176,-2.4332049123541717,14.070020028044157
2.917928070979878,0.11887561815050236,0.01678686372787031,-2.457745093021875,14.121368190588349
2.9182198300471787,0.11882880422941938,0.016732292719063197,-2.4961578095613595,14.081007401840582
2.91851158911448,0.1188337041715613,0.016797674819615718,-2.4921372087613554,14.135446619895616
2.918803348181781,0.11878581105580442,0.016794442858800593,-2.531435448199596,14.138425043804876
2.919095107249082,0.11881873883120818,0.016830740091489327,-2.5044168760825904,14.165055324647724
2.9193868663163833,0.11885192553061705,0.016859420258307632,-2.477185846342221,14.185231062129096
2.919678625383684,0.11874988841466995,0.01689516790905528,-2.5609114288336943,14.227523187270727
2.9199703844509854,0.11885125663387888,0.016929866007244415,-2.4777347031823003,14.244583092122317
2.9202621435182863,0.11881757757826134,0.016937765597342072,-2.5053697311147225,14.255269247671462
2.9205539025855876,0.11887362491014271,0.016959138876189866,-2.4593806273919774,14.26652791063567
2.9208456616528884,0.1189290495287297,0.016966832060285247,-2.413902485124913,14.266347984380863
2.9211374207201897,0.11901484065015515,0.016953540077148124,-2.3435073985206722,14.244895833607137
2.9214291797874905,0.11906352004572275,0.0169884790240587,-2.303563984681502,14.268416570864684
2.921720938854792,0.11910336998036701,0.017076347982661035,-2.2708655008075795,14.337417980260255
2.922012697922093,0.11915335236857813,0.017066152338242244,-2.229852928779764,14.322846985833317
2.922304456989394,0.11933097449131529,0.017104289353400377,-2.0841067897253187,14.333486696402701
2.922596216056695,0.11939801169061884,0.01712929152021501,-2.0291000550857707,14.346379204873198
2.922887975123996,0.11946743541771891,0.017131740946712524,-1.9721350778200835,14.340092667772808
2.9231797341912973,0.11952646324194034,0.01710518790967196,-1.9237003595288902,14.310795656229175
2.923471493258598,0.11963028500724365,0.017127148371252322,-1.8385104000261205,14.316732899378504
2.9237632523258994,0.11972757484766477,0.017169017741655412,-1.758680149198725,14.340069748761211
2.9240550113932002,0.11981751196382072,0.01714860704348258,-1.6848831061534895,14.312271021501978
2.9243467704605015,0.11984701926458388,0.017175645027281965,-1.660671171886083,14.3313076392527
2.9246385295278023,0.11995301212859598,0.01713487365116235,-1.573699738040841,14.284654755307738
2.9249302885951036,0.12002501057626173,0.01720476035706971,-1.5146220983668375,14.334312719046265
2.9252220476624045,0.12005039012049526,0.01720131226775374,-1.4937971553586316,14.328410137183797
2.9255138067297057,0.12014610197375528,0.01721719167897296,-1.4152617068490134,14.330212463100871
2.925805565797007,0.1202449272612155,0.01720499024539626,-1.334171559595303,14.308287789987842
2.926097324864308,0.12027980977238684,0.017222940511227743,-1.3055490476840486,14.319061980410355
2.926389083931609,0.12032594639836552,0.01720419489639161,-1.2676920791838848,14.297992587096166
2.92668084299891,0.12039161147329742,0.01718241766971666,-1.2138112281132805,14.27210538960821
2.9269726020662112,0.1204767932598773,0.017254878645533604,-1.1439161254061254,14.322159628131505
2.927264361133512,0.12046501979184833,0.01718057747463727,-1.1535767323286226,14.26188075536252
2.9275561202008133,0.12052804226405264,0.017220139116306044,-1.10186424372698,14.287247011430079
2.927847879268114,0.12060258831135995,0.017176282598583305,-1.040696195460338,14.242051384701016
2.9281396383354155,0.12060639770427774,0.017225075183067484,-1.0375704344270082,14.282057594741126
2.9284313974027167,0.12063661351865675,0.017234356127214582,-1.0127771360683173,14.286173678565047
2.9287231564700176,0.12069542872058402,0.017206446310266216,-0.9645168829730871,14.256087817625641
2.929014915537319,0.12074880110681818,0.017232268698016816,-0.9207226803935847,14.271171672149864
2.9293066746046197,0.12073721351991891,0.017209762377239732,-0.9302307643276226,14.253900579211654
2.929598433671921,0.12077525681578058,0.01720831972103497,-0.8990147006791248,14.24821621144052
2.929890192739222,0.1207674014743396,0.0171766186325484,-0.90546032619206,14.22289328316636
2.930181951806523,0.12079674266639129,0.01721018270045516,-0.8813846908438899,14.247224155691965
2.930473710873824,0.12082934511664302,0.01711542759801085,-0.8546330611781643,14.164959332923981
2.930765469941125,0.12087073683954398,0.017153638589436436,-0.8206694776522883,14.191721700354906
2.931057229008426,0.12082332656784993,0.01718245171077993,-0.8595715239990475,14.22113775449718
2.9313489880757273,0.12085048989093747,0.017145641644431196,-0.837282918261823,14.187482119356257
2.931640747143028,0.12078440788084906,0.01714715210388847,-0.8915058814993191,14.196494733661092
2.9319325062103294,0.12079871733788572,0.017143926179313918,-0.8797643929790788,14.192142563369025
2.9322242652776307,0.12078715251008022,0.017122731239693316,-0.8892538021557433,14.175954051292292
2.9325160243449315,0.12071405300556005,0.017120826194144907,-0.9492349035322494,14.182960283303823
2.932807783412233,0.12072730249148068,0.01711656752772031,-0.9383631642036656,14.17787623386033
2.9330995424795336,0.12067529952451916,0.017069136384157284,-0.9810337028574184,14.144681182820786
2.933391301546835,0.12070584599875571,0.01703042825886849,-0.9559690847057108,14.109033508653795
2.9336830606141358,0.12066470818997044,0.0170456895733528,-0.989724321425214,14.12649135695637
2.933974819681437,0.12056131707452068,0.017042798169434114,-1.0745609152972115,14.136207685007054
2.934266578748738,0.12054656276818008,0.01706995194213771,-1.0866674206718305,14.16046343433656
2.934558337816039,0.12052966848554866,0.017026553792912305,-1.100529863185638,14.12644206762567
2.93485009688334,0.12038042124650544,0.016972240643501606,-1.2229932620004018,14.098838056686313
2.9351418559506413,0.12042536480128278,0.016960549754647822,-1.1861152566976922,14.083868280270433
2.935433615017942,0.12030996551684667,0.017000683186747356,-1.280805039124728,14.130735649131907
2.9357253740852434,0.12019424364084781,0.01694894320938072,-1.375759520982423,14.101293619373173
2.9360171331525446,0.12023453892289176,0.016965441653928385,-1.3426956115463964,14.11028961054908
2.9363088922198455,0.12016492286978792,0.01692575417890753,-1.3998184000805116,14.085436727029292
2.9366006512871468,0.12004395697267572,0.0169586561534064,-1.4990758134571565,14.12703861241971
2.9368924103544476,0.1199660941442712,0.01689539591200297,-1.5629654148251746,14.083475862508761
2.937184169421749,0.11994983931732245,0.016876828318528263,-1.576303158076248,14.069904899064763
2.9374759284890497,0.11987028288203666,0.016952871634277014,-1.6415824324209012,14.142680926981871
2.937767687556351,0.11978701564697943,0.01684328611794663,-1.7099065681328112,14.06102825667262
2.938059446623652,0.11972320090188716,0.016869211421200066,-1.7622691486977549,14.090177421019956
2.938351205690953,0.11964840365544724,0.016891871431520575,-1.8236433160173,14.117924615328988
2.9386429647582544,0.1195898080635975,0.016865566272980095,-1.8717233701575597,14.102845841186598
2.938934723825555,0.1195468649513187,0.016867750010916113,-1.9069599314437826,14.109738484388458
2.9392264828928565,0.11950975613169793,0.016903399202409262,-1.9374092195237262,14.143949205102532
2.9395182419601573,0.11945025431780952,0.0168691032518636,-1.9862328655163153,14.122283245192294
2.9398100010274586,0.11936065461593288,0.01693290890291404,-2.059753046492158,14.18634051346242
2.9401017600947594,0.11932057920055202,0.016876172994499516,-2.0926365464343806,14.143556046718755
2.9403935191620607,0.11927773964346114,0.01684319324256645,-2.127788136498627,14.120986273644398
2.9406852782293615,0.11926691813798078,0.01686236192445803,-2.1366676196295256,14.138339606419475
2.940977037296663,0.11924418660367443,0.016906877728036396,-2.155319763342707,14.178366434104571
2.9412687963639637,0.11924176992636065,0.016848662883028786,-2.1573027448677338,14.129832938100385
2.941560555431265,0.11916455686643276,0.01684031945767573,-2.220659184908269,14.13198680925859
2.9418523144985658,0.11915112484224613,0.01688453980447049,-2.2316807042703846,14.170692745725487
2.942144073565867,0.11914433086202496,0.01687358713637742,-2.237255439955272,14.162308029509076
2.9424358326331683,0.11915608594995988,0.01688137763023691,-2.2276099146436747,14.167448935278319
2.942727591700469,0.1191040572794302,0.01686408771613558,-2.270301544115181,14.159121109174913
2.9430193507677704,0.11911840957667306,0.016828574075527587,-2.2585249034722548,14.127601380284986
2.9433111098350713,0.11909427535960788,0.016849561695819828,-2.278328005147585,14.148087004973322
2.9436028689023725,0.11910888618545563,0.016909478143520486,-2.2663392313231805,14.196655417625172
2.9438946279696734,0.11908772568955366,0.01691710677552645,-2.2837022744546633,14.205583890003211
2.9441863870369747,0.1191218276377201,0.016817980569097227,-2.255720246073836,14.118303003413448
2.9444781461042755,0.11910488135576658,0.01692157235324936,-2.2696253561355397,14.207287023530615
2.9447699051715768,0.1191305150100351,0.01693164001151894,-2.2485919055612404,14.212680949203218
2.9450616642388776,0.11909985388214275,0.016891697035523155,-2.2737506016769125,14.18280248457619
2.945353423306179,0.1191217628879355,0.016967284693585098,-2.2557733758921557,14.243648080953244
2.94564518237348,0.11911324863371622,0.016934339913593673,-2.2627596660021054,14.217007854154215
2.945936941440781,0.11910773977426486,0.016953623491869588,-2.267279908093893,14.23385543542376
2.9462287005080823,0.11908837846978629,0.01696001171820373,-2.2831666418595162,14.241533839094656
2.946520459575383,0.11915024699304477,0.016928641568377107,-2.2324010150616216,14.207810722679653
2.9468122186426844,0.11915848247325483,0.01693263778983976,-2.2256434703066144,14.210182471600623
2.9471039777099852,0.11922032521359761,0.01700828917105149,-2.1748989994343426,14.26626637746465
2.9473957367772865,0.11924519048026577,0.01700287420453035,-2.1544960419783834,14.25875050897269
2.9476874958445873,0.11930351418595671,0.016997551201528713,-2.1066390814331,14.24731812596473
2.9479792549118886,0.11929132122465186,0.01701883423764674,-2.116643899562944,14.266615595275805
2.9482710139791894,0.11940629148004255,0.01702733425764924,-2.0223061528280275,14.259997565115883
2.9485627730464907,0.1194851325034558,0.01706880292953442,-1.9576139028734045,14.285294389275375
2.948854532113792,0.11954567764462581,0.017067308106326916,-1.9079341646287824,14.276809034503957
2.949146291181093,0.1195599906930847,0.01709250073168896,-1.8961897292012788,14.296171012229413
2.949438050248394,0.11969098996723253,0.017095622970116985,-1.7886995239736732,14.283132736054071
2.949729809315695,0.11976051521937274,0.017135943330435745,-1.7316512413044163,14.308508358574425
2.9500215683829962,0.11984140039122017,0.017191884879102268,-1.6652816848445897,14.345530695552338
2.950313327450297,0.11996618006450935,0.01719853498311703,-1.562894913793076,14.336152883978528
2.9506050865175983,0.1199847945815034,0.017234087325819696,-1.5476209493767061,14.363559470956885
2.950896845584899,0.12003064083305047,0.017188899636944324,-1.5100022448474784,14.320426449153269
2.9511886046522005,0.12014570114485634,0.017229777301570128,-1.4155906031798349,14.340735571384833
2.9514803637195013,0.12020723439714498,0.017203947303429865,-1.3651000797791937,14.311906758116443
2.9517721227868026,0.12031060500685903,0.017236024827551395,-1.280280311693093,14.32627225718693
2.9520638818541034,0.12036963659733219,0.017242393643012915,-1.231842503039959,14.32453742524223
2.9523556409214047,0.12047685347707791,0.017256176783531866,-1.1438667147563761,14.323229969493726
2.952647399988706,0.12054346104652387,0.01724770066379862,-1.0892125087996392,14.308283928517577
2.952939159056007,0.12058734099254537,0.017267919598889216,-1.0532072375192483,14.319844402205293
2.953230918123308,0.12061493984833223,0.017261076965225913,-1.0305612595787195,14.31089464284518
2.953522677190609,0.12067798797911829,0.017276095752953996,-0.9788277170724993,14.315863267411611
2.95381443625791,0.12078378309527366,0.017250524815608435,-0.8920185433454246,14.28215309500722
2.954106195325211,0.12080449065045151,0.01725199935748178,-0.875027156405997,14.280925538935914
2.9543979543925123,0.12091446398910538,0.01718323804135082,-0.7847895820502021,14.211069109894959
2.954689713459813,0.1208895488381784,0.01725787924198248,-0.8052334715590534,14.275741292643678
2.9549814725271144,0.12100768214408097,0.01725173440302463,-0.7083003138886204,14.256726595658115
2.9552732315944157,0.12098617648688598,0.01725139827017614,-0.7259465758277235,14.25898294425898
2.9555649906617165,0.12102420951397369,0.017259801414497924,-0.6947389381237751,14.26144527926462
2.955856749729018,0.12106357091373884,0.01723820931101311,-0.662441316886364,14.238973112147676
2.9561485087963186,0.12106522686399789,0.01723674535817298,-0.6610825426920108,14.237569122582467
2.95644026786362,0.12114750994348505,0.01728705455283958,-0.5935659464484716,14.269426223373422
2.9567320269309207,0.12118443618818564,0.017225551197622074,-0.5632664684782974,14.214326310742374
2.957023785998222,0.12114760256603899,0.01726269510167951,-0.5934899458950668,14.249308063912707
2.957315545065523,0.12122663204309742,0.017243846699916188,-0.5286430620989393,14.224470654093407
2.957607304132824,0.12125836134145772,0.017293805370060294,-0.50260788889158,14.261948766866285
2.957899063200125,0.12122043485234478,0.01727490874557586,-0.5337281078762443,14.25082228637271
2.9581908222674262,0.12124749456963496,0.017289159457877255,-0.5115245148880845,14.259395230594006
2.958482581334727,0.12126765244221047,0.017290256523376527,-0.49498416476638923,14.257929608735617
2.9587743404020284,0.12125537662808077,0.017254921359412447,-0.5050569669916019,14.230231961043193
2.9590660994693296,0.12132362875031763,0.017241211360106607,-0.44905333892430743,14.210926212558961
2.9593578585366305,0.12130848631878591,0.017265545306307275,-0.4614783167234452,14.23275966112976
2.9596496176039317,0.1213265821411042,0.01724493111686066,-0.44662996227714014,14.213646187448527
2.9599413766712326,0.12130530260065676,0.0172244017032301,-0.4640906862752207,14.19921580834245
2.960233135738534,0.12128438582047353,0.017288514402527662,-0.48125375079769567,14.254526075696429
2.9605248948058347,0.12132595413336983,0.01723653172728918,-0.447145268035063,14.206796765300192
2.960816653873136,0.12132709346609427,0.01726407527381548,-0.4462103994323969,14.229365247787833
2.961108412940437,0.12130832663493896,0.01726126448908274,-0.4616093437813578,14.229249523017648
2.961400172007738,0.12130168951808627,0.017209987475388964,-0.46705536672503895,14.187755787872128
2.961691931075039,0.12122471446563124,0.017196832728839057,-0.5302165120032992,14.18591316518595
2.96198369014234,0.12132434581504054,0.01721962455333571,-0.44846495830366717,14.193049579337604
2.962275449209641,0.12127694126334584,0.01726176949633538,-0.4873623111594934,14.233348331940899
2.9625672082769423,0.12123089724108205,0.01724415348842932,-0.5251432945644481,14.22422326392361
2.9628589673442436,0.12120628868225453,0.01720539095649676,-0.5453356128496701,14.195130585675424
2.9631507264115444,0.12125105197182087,0.017145952525402332,-0.5086055224468806,14.140869086552012
2.9634424854788457,0.1212177466468235,0.017174636705098025,-0.5359338892827156,14.168417727758582
2.9637342445461465,0.12115087196094503,0.01715855139875292,-0.5908072750810008,14.162961537977425
2.964026003613448,0.12114397953502987,0.017171029206692036,-0.5964627894413359,14.174067314444528
2.9643177626807486,0.12114774001207824,0.017097944188773008,-0.5933771658582023,14.11330016314656
2.96460952174805,0.12109695576615395,0.017120514466382766,-0.6350476945862594,14.137857023791403
2.9649012808153508,0.1209903359299198,0.01709527297456242,-0.7225335845096685,14.129453268453084
2.965193039882652,0.12100796848739437,0.017128967446094684,-0.7080653576133091,14.155239245983244
2.9654847989499533,0.12094856673386564,0.01711577744395301,-0.7568069000319132,14.15128587808274
2.965776558017254,0.12096115475606149,0.0170728477515588,-0.7464779184551547,14.114322722851867
2.9660683170845554,0.120845065113004,0.017099790685256713,-0.8417341680658872,14.150177062891602
2.9663600761518563,0.12078593842393269,0.01706546041686697,-0.8902500089668974,14.128681400785966
2.9666518352191575,0.1207210821181717,0.01708870256449894,-0.9434672322065183,14.155524672791714
2.9669435942864584,0.12069213196992608,0.01707276630872846,-0.9672220002885172,14.145716071187334
2.9672353533537597,0.12066664829570958,0.017095359200864964,-0.9881323861612928,14.167426909025039
2.9675271124210605,0.12062250913417082,0.01704164600789731,-1.0243503542625718,14.128081176740858
2.9678188714883618,0.1205320650184223,0.017119502472488602,-1.098563410988879,14.20327650561038
2.9681106305556626,0.12049140158140689,0.01706493251706265,-1.131929406476103,14.16278032547673
2.968402389622964,0.12044492707556886,0.017071088874026506,-1.1700636190729163,14.173356477949346
2.9686941486902647,0.12044130059584954,0.017145671803389332,-1.1730392924254591,14.23570794948737
2.968985907757566,0.12042709666256275,0.017075348988915082,-1.1846941944389844,14.178992487679317
2.9692776668248673,0.1204142796873504,0.017121547367387375,-1.1952110412302,14.21886790490514
2.969569425892168,0.12038565302264198,0.017157442654505535,-1.218700377980397,14.252065942840037
2.9698611849594694,0.12036190738114244,0.017192327329426983,-1.2381846376806949,14.283860819009062
2.97015294402677,0.12041636262917593,0.01719378107182835,-1.193501903177639,14.278608568153539
2.9704447030940715,0.12039786338255887,0.017161421013318537,-1.2086812835853549,14.25392488800975
2.9707364621613723,0.12041113198152702,0.01720967432699776,-1.1977938612278858,14.292427987171482
2.9710282212286736,0.12049252145869675,0.017194305525213272,-1.1310105018447618,14.270018850180053
2.9713199802959744,0.12046236602780128,0.01725519090951857,-1.1557542531118408,14.324134149528724
2.9716117393632757,0.12054150636629231,0.017246726277074312,-1.090816403024336,14.307707607922435
2.971903498430577,0.12057688111001143,0.01718449318227042,-1.061789994389802,14.251897232763637
2.972195257497878,0.12061208849890229,0.017291983230109963,-1.032900907163745,14.33685747864928
2.972487016565179,0.12066170651750045,0.017273944588136247,-0.9921873151473064,14.316012168807575
2.97277877563248,0.12071617685911176,0.017288156846347935,-0.9474921957529002,14.321325688209127
2.973070534699781,0.12078521366097114,0.017303294420894153,-0.8908447063038485,14.325672734629851
2.973362293767082,0.12079044499015913,0.017285200915085463,-0.8865521890232126,14.310073049647015
2.9736540528343833,0.12090427754618668,0.017280964530141312,-0.7931479706519167,14.293096059847679
2.973945811901684,0.12090342996609076,0.01731007076877688,-0.793843444417331,14.317270216098715
2.9742375709689854,0.1209686245780006,0.017298606720294124,-0.7403486272932619,14.3000772147657
2.9745293300362863,0.12112587830116092,0.017285858554480366,-0.6113155842839254,14.27098717212331
2.9748210891035876,0.12112029726642126,0.01729762114346566,-0.615895049120284,14.281356249825814
2.9751128481708884,0.12112589123552879,0.01730358790430892,-0.6113049711117097,14.285622774623938
2.9754046072381897,0.12121054235589465,0.017329357804086058,-0.5418453015061706,14.29690641363862
2.975696366305491,0.12121100305618968,0.017308779125659174,-0.5414672782722045,14.279874507461471
2.975988125372792,0.12124165403433637,0.017312185933668803,-0.5163169104335447,14.279074359020116
2.976279884440093,0.12127453341546932,0.017305615133897015,-0.4893380477739794,14.269784963517804
2.976571643507394,0.12134028751990651,0.017350241933084255,-0.43538414439176637,14.298830411323902
2.976863402574695,0.12138418802855817,0.017326402493777444,-0.39936200064127086,14.274019355553166
2.977155161641996,0.12132235765978208,0.01735141475397705,-0.4500963201424689,14.301910289803889
2.9774469207092973,0.1214037214110075,0.017263510575346027,-0.38333406993764035,14.21991877571948
2.977738679776598,0.12139435372839293,0.01731829914782731,-0.39102063257928676,14.26614880835
2.9780304388438994,0.12143886771543966,0.017320522929858917,-0.354495104981684,14.26275067916892
2.9783221979112002,0.12144298975700961,0.017287218457245773,-0.3511128030781575,14.234842613670061
2.9786139569785015,0.12144926269097975,0.017335448389439675,-0.34596560692599726,14.273819375543404
2.9789057160458023,0.12147812069959718,0.017286056143451647,-0.3222864431372914,14.229769150115743
2.9791974751131036,0.12149995956888981,0.017328207390282752,-0.30436676718889516,14.261903832533996
2.979489234180405,0.12148693494585683,0.01731238592136033,-0.31505399741925605,14.250409666748078
2.9797809932477057,0.12153003558625515,0.01730225902335282,-0.2796881779367068,14.237022921854289
2.980072752315007,0.1214781739591397,0.017347060231876116,-0.3222427415275518,14.279981058746372
2.980364511382308,0.12157307560199827,0.01737395217438517,-0.24437210343688023,14.290953887901475
2.980656270449609,0.12153239239239208,0.017338707093307062,-0.27775432313492815,14.266737247568956
2.98094802951691,0.12153675982812111,0.017346656135381732,-0.2741706653941853,14.272765013575812
2.9812397885842112,0.12156167863905012,0.017337106829541503,-0.25372377270556284,14.261983730103065
2.981531547651512,0.12157061586582223,0.01731949728979422,-0.24639041650074275,14.246450235071432
2.9818233067188133,0.12154465149573154,0.017312036860114836,-0.26769523278929536,14.243355546354755
2.9821150657861146,0.12158348735940523,0.017308370399996095,-0.2358288351803621,14.23579038231723
2.9824068248534155,0.12160907616886599,0.0173396384279618,-0.21483218158545042,14.258506827141776
2.9826985839207167,0.12160929795156909,0.01733542884691975,-0.21465019990327847,14.255019261622236
2.9829903429880176,0.12156154972025608,0.017322469007062954,-0.2538295557926792,14.249957364747607
2.983282102055319,0.12152690250047397,0.017382069716037903,-0.2822590015981746,14.303063238174865
2.9835738611226197,0.12156176475196413,0.0173315843305978,-0.25365311357512366,14.2574306698832
2.983865620189921,0.12159131292579556,0.017373258165069346,-0.2294076413013086,14.288239634086239
2.984157379257222,0.12157351108237158,0.01732306744237679,-0.24401477416919146,14.249047582939037
2.984449138324523,0.12157811689904893,0.017318985183637694,-0.24023551521443562,14.245150052799653
2.984740897391824,0.12157328254759543,0.017371744959932926,-0.24420229620051007,14.289114019054278
2.985032656459125,0.12164608025980367,0.017368065611061384,-0.18446882762774866,14.27753822726373
2.985324415526426,0.12164579895674305,0.017355701509446916,-0.1846996481717114,14.267407225150917
2.9856161745937273,0.12160483514227208,0.017356831752821694,-0.21831211551577642,14.273142784589936
2.9859079336610286,0.12164061904892076,0.01734017413441684,-0.18894997214105685,14.255249825260313
2.9861996927283294,0.12161788431875813,0.017365709061428456,-0.20760473818364042,14.278910670665235
2.9864914517956307,0.12166424845721313,0.01731230777232952,-0.1695610864905336,14.229576882166752
2.9867832108629315,0.12161909225572537,0.017357354141424617,-0.20661357702373626,14.271899106866996
2.987074969930233,0.12165144780438489,0.017333681700023244,-0.18006454010511275,14.248643984817793
2.9873667289975336,0.12165609961311362,0.017395346119640047,-0.17624754281116864,14.298786641163169
2.987658488064835,0.1216581154025536,0.017315581113729578,-0.17459350600822762,14.232984833304531
2.9879502471321358,0.12162156525817801,0.017361655394422405,-0.20458437844312058,14.275145495428477
2.988242006199437,0.12159709047312102,0.01735799600596411,-0.22466692993656281,14.275009326642637
2.988533765266738,0.12164669852743112,0.017340438913874087,-0.18396151402167624,14.254755060174402
2.988825524334039,0.12167239765973376,0.01735324931848676,-0.16287433607087273,14.262272834481703
2.9891172834013404,0.1216565039825371,0.01731712386181969,-0.17591574133668586,14.234441476557173
2.9894090424686413,0.12163084749223546,0.017296213766137006,-0.1969679298002033,14.220252610869247
2.9897008015359425,0.1216965762244608,0.017394564804793337,-0.1430348453444887,14.293388807184092
2.9899925606032434,0.1216130740100367,0.017393472405835213,-0.21155179113518066,14.302304704837685
2.9902843196705446,0.12163237201016473,0.017356396395289082,-0.19571700115073873,14.26955349833893
2.9905760787378455,0.12165386578795032,0.017354935833055182,-0.17808048674775173,14.265831768392658
2.9908678378051468,0.12166356521299954,0.017344861524358924,-0.17012171601476317,14.256413983917723
2.9911595968724476,0.12162157141202444,0.017421547950468397,-0.2045793289631119,14.324389783986929
2.991451355939749,0.12162045384157193,0.017326163028007872,-0.20549634074106593,14.246093054855463
2.9917431150070497,0.12168056753659766,0.017381765576062493,-0.15617062151597932,14.284750579285891
2.992034874074351,0.12164211684728428,0.017382559798382956,-0.18772096797648133,14.289918861084855
2.9923266331416523,0.12166198189102527,0.017392246472165956,-0.17142089576260816,14.295547550544171
2.992618392208953,0.12169657188469198,0.0173532376137678,-0.14303840630041278,14.259430109674796
2.9929101512762544,0.12166988496732453,0.01737708163669894,-0.1649361018668915,14.282155063568688
2.993201910343555,0.12168484004263017,0.017424807044156682,-0.15266485743249172,14.319620289636905
2.9934936694108565,0.12167426247379419,0.017367339914222353,-0.16134418067595638,14.273634835438493
2.9937854284781573,0.12166378589148379,0.017390280455222902,-0.16994064038884332,14.293719637110344
2.9940771875454586,0.12168712265283112,0.01733317001629587,-0.15079188339846739,14.244046237946447
2.9943689466127594,0.12165981047361167,0.017399382273587432,-0.17320263161527533,14.301668074159464
2.9946607056800607,0.1217205442801755,0.017367742930136026,-0.12336808578082753,14.26853867015175
2.9949524647473615,0.12166204654974735,0.017400146446089733,-0.17136784066476993,14.302033328836737
2.995244223814663,0.12166667359846178,0.017376956416286483,-0.16757115996445698,14.282429117472132
2.9955359828819637,0.12168252671643677,0.017323725334735543,-0.15456303518121642,14.23682249391972
2.995827741949265,0.12164777690099211,0.017356570454497015,-0.1830766648792912,14.26788955512385
2.996119501016566,0.12170796377031971,0.01737077128362428,-0.13369090317857774,14.27250177022549
2.996411260083867,0.12166227262735821,0.0174200384310821,-0.17118233483699968,14.318356919435724
2.9967030191511683,0.1217037346379282,0.017329318607157796,-0.13716107743454375,14.238937415283903
2.996994778218469,0.12168368765927967,0.0174167922583006,-0.1536104346019175,14.313169327238404
2.9972865372857704,0.12164574560761891,0.017376952316260515,-0.18474342328679497,14.284882902778772
2.9975782963530713,0.12168334894911333,0.017367201029701698,-0.15388835999906136,14.272454842580373
2.9978700554203725,0.1216812585842181,0.017370803662041086,-0.15560358898066917,14.275660741969064
2.9981618144876734,0.1216974302341964,0.017366574298593795,-0.14233409579955628,14.270288423653067
2.9984535735549747,0.1217033865680769,0.017429104205472914,-0.1374466828319281,14.320968953253937
2.998745332622276,0.12163363143633048,0.017383634530268036,-0.19468359101999105,14.291799336244893
2.9990370916895768,0.12171653652379193,0.01738090708980136,-0.12665661206445997,14.279823913987162
2.999328850756878,0.12163880540078588,0.017382317897066978,-0.19043814382366622,14.290109015617375
2.999620609824179,0.12167031035219827,0.017414209127610505,-0.16458705636509974,14.312619962258422
2.99991236889148,0.12167619479276946,0.017377589124210568,-0.15975863476687827,14.281831506817651
3.000204127958781,0.1216897524737266,0.017392590911294782,-0.14863400893995649,14.292568238274564
3.0004958870260823,0.121705042476051,0.017361877504691443,-0.13608794333407878,14.265536703713732
3.000787646093383,0.12172054335198614,0.017362440937512,-0.12336884739775485,14.264182905677682
3.0010794051606844,0.12170701139991409,0.017411979393413293,-0.13447236163335832,14.306471905878697
3.0013711642279852,0.12169229510007158,0.01738563263285062,-0.14654768113839137,14.286551682301532
3.0016629232952865,0.12166022533561084,0.0173901442656048,-0.17286222055787004,14.29402602011668
3.0019546823625873,0.12170096548330586,0.01738096884450774,-0.1394332808539816,14.281701690272909
3.0022464414298886,0.12166310505919453,0.017323434669131634,-0.17049929083155452,14.238856275041648
3.00253820049719,0.12168560050502823,0.017389514705584367,-0.15204086726332616,14.290527912434312
3.0028299595644907,0.12165427576863509,0.017443729445468258,-0.1777440810063258,14.338772176526819
3.003121718631792,0.1216598394490651,0.017366782731005177,-0.17317885608326927,14.274869019760681
3.003413477699093,0.12169196798156391,0.01735957839106648,-0.14681609511054478,14.265180092819618
3.003705236766394,0.12164622745739216,0.01740236463737026,-0.18434804605014785,14.305716668004042
3.003996995833695,0.12165975553634976,0.017381425465100474,-0.17324770986166535,14.286914673198744
3.0042887549009962,0.12171449492152758,0.01737674553875083,-0.1283318293342887,14.276644330614902
3.004580513968297,0.12166545971752518,0.017379825725161602,-0.16856719839173803,14.28492997561751
3.0048722730355983,0.12167693125875524,0.017389107395169977,-0.159154334624992,14.291211337497261
3.005164032102899,0.1217159434842648,0.01738424783259183,-0.1271432249933743,14.28263819426354
3.0054557911702005,0.12167701284090299,0.01736850519187216,-0.15908739317160506,14.274269877566846
3.0057475502375013,0.12163878555352471,0.01739649410794292,-0.1904544293045593,14.30176569815221
3.0060393093048026,0.1216460093771136,0.017416321127694815,-0.18452698974316273,14.317215350404672
3.006331068372104,0.12162511061429372,0.017358551444236904,-0.2016752702899486,14.272177313191179
3.0066228274394047,0.1216544981389245,0.01738002269956713,-0.1775616171858192,14.286379020461576
3.006914586506706,0.12158965200158676,0.01738485160646175,-0.23077049682270057,14.297969704062377
3.007206345574007,0.12164723866102346,0.017408796065607725,-0.1835183125530535,14.310884700077958
3.007498104641308,0.12163332562524565,0.017449856048904658,-0.19493452138951503,14.346278833703817
3.007789863708609,0.12158488160821841,0.017374977634413424,-0.2346847976118946,14.290409633658745
3.00808162277591,0.12165388631399326,0.017348492204429314,-0.17806364429894112,14.260532671888674
3.008373381843211,0.12164116711044622,0.017427726027983963,-0.18850026548251483,14.327161142872097
3.0086651409105123,0.12157442960633102,0.01740817500930294,-0.24326108809306782,14.318944424145915
3.0089568999778136,0.12161318748815751,0.017403321685264372,-0.2114586777452418,14.310390217310173
3.0092486590451144,0.12162727619578051,0.0173654323717422,-0.1998983230513766,14.27758058462929
3.0095404181124157,0.12164876078798101,0.017300127043791025,-0.18226934579263915,14.221375484410434
3.0098321771797165,0.12165589119232062,0.017384556109504238,-0.17641856050541865,14.289941850840362
3.010123936247018,0.12164417222817663,0.017435924122940944,-0.18603444478483455,14.333546608575002
3.0104156953143186,0.1215835881833898,0.017416004070030626,-0.23574610502125892,14.32430505650262
3.01070745438162,0.12160535192427221,0.017398401437023883,-0.2178880749734601,14.307266219548017
3.0109992134489207,0.1215712531918469,0.017407973088434406,-0.24586746470856605,14.319152457006883
3.011290972516222,0.1216457079513752,0.017366684877337783,-0.18477432175848843,14.27644687988472
3.011582731583523,0.1215434777877046,0.017400130720849397,-0.26865830771862864,14.315972389107992
3.011874490650824,0.12164784888059622,0.017424892692015886,-0.18301760270151685,14.324045063155483
3.012166249718125,0.12160374089902592,0.017409295291754823,-0.21920998637699302,14.316414250948652
3.0124580087854262,0.12163175142322195,0.017402166662018596,-0.19622621784888317,14.307256500374763
3.0127497678527275,0.12159091958597701,0.017398176892958618,-0.22973039253863511,14.30877976102184
3.0130415269200284,0.12159491916337649,0.017382244640283172,-0.22644857744240282,14.29520637858903
3.0133332859873296,0.12163568077968943,0.017401880808587112,-0.19300202186879503,14.306559306480121
3.0136250450546305,0.12163044428751689,0.01734714680368516,-0.19729877558717368,14.262174988590026
3.0139168041219317,0.12157778801601522,0.017375130834272702,-0.2405053770516044,14.291369433357275
3.0142085631892326,0.12156737246822313,0.01739963906350368,-0.24905175547249747,14.312754080501184
3.014500322256534,0.12162339657013618,0.017424165542592497,-0.2030817128787457,14.326327034078973
3.0147920813238347,0.12164969729533844,0.017399675669940638,-0.1815009036107887,14.303098204755981
3.015083840391136,0.12158685071706161,0.017419825971545892,-0.23306906412750508,14.327064044189003
3.0153755994584373,0.12160758133245896,0.01740269836632173,-0.2160587553448761,14.310537365877764
3.015667358525738,0.1216388062675477,0.017403935105423013,-0.19043743261052407,14.307880551822096
3.015959117593039,0.12158458809164799,0.01742046342020961,-0.23492563983485953,14.327854947436611
3.01625087666034,0.12163868129756768,0.0174132022552192,-0.19053997553594645,14.315513839401842
3.0165426357276415,0.12157973880947437,0.017353447063729526,-0.2389046720809519,14.27330510301871
3.0168343947949423,0.12161827028222022,0.017418833062464965,-0.20728803954526506,14.322546293450682
3.0171261538622436,0.12159397650217156,0.017421572891940025,-0.22722206910513879,14.327661117019963
3.0174179129295444,0.1215921040790459,0.01738406492659414,-0.22875846804596758,14.297034382506384
3.0177096719968457,0.12161437307415708,0.01741883282835377,-0.21048585645872953,14.32300507583281
3.0180014310641465,0.12166389753320743,0.017367964874659417,-0.16984903383709354,14.275364530319223
3.018293190131448,0.12165833245057205,0.017415935018913798,-0.17441540932640326,14.315447752820079
3.0185849491987486,0.12164556809742207,0.017444359251116932,-0.18488907758612763,14.340316317275365
3.01887670826605,0.12157811031570935,0.01741104972759411,-0.2402409171109525,14.320875429287204
3.019168467333351,0.1216248376269898,0.0174366786098146,-0.20189926741904124,14.336445540253052
3.019460226400652,0.12163817252521786,0.017433932525795223,-0.19095744383607224,14.332616286372472
3.0197519854679533,0.12163607076141168,0.017429679994680963,-0.1926820260853664,14.329367831084546
3.020043744535254,0.12156449791617029,0.01744662622203823,-0.2514104417484946,14.351744564493869
3.0203355036025554,0.12160214577219003,0.01744907688076244,-0.22051885249148037,14.349316593024282
3.0206272626698563,0.1216552823244253,0.017393840081853355,-0.1769181612509239,14.297644746298955
3.0209190217371575,0.1216819402858953,0.017436613395974677,-0.15504422516997682,14.329664167917475
3.0212107808044584,0.12161960232110545,0.017399329853091106,-0.20619504773995553,14.306353187336219
3.0215025398717597,0.12161532909686103,0.01746732046701306,-0.2097014011453858,14.362762158955425
3.0217942989390605,0.12163868560414988,0.01742658776081657,-0.19053644181098706,14.326517648775084
3.0220860580063618,0.12157943302062307,0.017419515605792416,-0.23915558420696117,14.327682876130545
3.0223778170736626,0.12162785866737091,0.01733021472002026,-0.19942038154216496,14.248556958825612
3.022669576140964,0.12155650914141111,0.017362077244423464,-0.257965554698294,14.283132484682929
3.022961335208265,0.1215928820898112,0.017472206755610283,-0.22812007873140674,14.369432203033828
3.023253094275566,0.12157693986050874,0.017399178411590884,-0.24120132296466062,14.311248853239622
3.0235448533428673,0.12162094800397281,0.017456255247640873,-0.20509086049521902,14.353000477410072
3.023836612410168,0.12162302436377954,0.017458532516285073,-0.20338712325542427,14.354627840914294
3.0241283714774694,0.12163094232572805,0.017392382239854773,-0.19689011508216847,14.299307320400363
3.02442013054477,0.12158082250474436,0.017431534282617484,-0.23801545626099002,14.337404471776184
3.0247118896120715,0.12155838731460186,0.01743726551591484,-0.2564244375963861,14.34476542600548
3.0250036486793723,0.12154700167182236,0.01740675933383158,-0.26576681820862935,14.32101088007908
3.0252954077466736,0.12156182071284076,0.017424129589407193,-0.2536071954114354,14.333554307784942
3.025587166813975,0.12162162172532427,0.01737671483595836,-0.20453804486470908,14.287521075161054
3.0258789258812757,0.12159668581495352,0.017431971316089985,-0.22499896833719354,14.335893449117561
3.026170684948577,0.1216028286699259,0.017380092696457055,-0.21995850726624128,14.292506914977215
3.026462444015878,0.12159652048534914,0.017424626865512917,-0.22513462796752975,14.32987292396444
3.026754203083179,0.12162971697224716,0.017444260281496215,-0.19789556719626722,14.342103817833069
3.02704596215048,0.1215908784146824,0.017398086444845143,-0.22976417525182855,14.308710218795724
3.027337721217781,0.1215471755223943,0.017420802156918488,-0.2656241667796183,14.332543789722875
3.027629480285082,0.12158513051990963,0.01742698084245128,-0.23448055549722258,14.333151404231625
3.0279212393523833,0.12157179306238008,0.017442701877505205,-0.24542447909062678,14.347655355017364
3.028212998419684,0.12163024609914362,0.017458022755934312,-0.1974613971669871,14.353356435457572
3.0285047574869854,0.12158566941530932,0.017432001629572744,-0.23403837001576813,14.337217299868575
3.0287965165542863,0.1215799264467872,0.017420877832199668,-0.23875070807317206,14.328745164872588
3.0290882756215876,0.12158395879331654,0.01743038117269956,-0.23544200457990436,14.336086228554112
3.029380034688889,0.12159296468301899,0.01740826047493614,-0.22805230766234413,14.316831997902002
3.0296717937561897,0.12158742856237595,0.017410372575136966,-0.2325949186650082,14.31922097620908
3.029963552823491,0.121602242166366,0.017457236416674446,-0.22043975716957373,14.35601523925103
3.030255311890792,0.12154987171472022,0.01742336519945702,-0.26341183187676437,14.334334502919079
3.030547070958093,0.12154177318045303,0.01740145244662112,-0.27005700694422397,14.317260634979538
3.030838830025394,0.12154394450203397,0.017391029712055195,-0.2682753497261332,14.30842958347807
3.031130589092695,0.12158647514012601,0.017457825955545236,-0.23337724020061543,14.358361763037736
3.031422348159996,0.12159354356097082,0.01742842921769745,-0.22757731487899088,14.333350856707526
3.0317141072272973,0.1215225627029195,0.017383388502326666,-0.285819981098337,14.304659246549154
3.0320058662945986,0.1215534341733192,0.017470760279415035,-0.2604886904440358,14.372905544160957
3.0322976253618994,0.12156206965652952,0.017397107192348406,-0.25340292704148415,14.311295654560244
3.0325893844292002,0.1215673463330989,0.01742235024164791,-0.24907320039946798,14.33143912997002
3.0328811434965015,0.12156931270905422,0.017452337377195638,-0.24745970936017503,14.355874018111336
3.033172902563803,0.12155302398607241,0.01741507993520539,-0.260825265677944,14.327146593408333
3.0334646616311036,0.12154904034751496,0.01738785182672931,-0.2640940023093421,14.305215225901042
3.033756420698405,0.12152843855221505,0.017473360407389657,-0.280998608989414,14.378001244443025
3.0340481797657057,0.12153040387746003,0.01745318367388434,-0.2793859801004697,14.361166520505034
3.034339938833007,0.12155473960154199,0.01743456998215477,-0.2594175337640371,14.342978348113382
3.034631697900308,0.12152620932707832,0.017424649882921875,-0.28282777841806134,14.338182668089965
3.034923456967609,0.1215394922622898,0.017470312586987134,-0.2719285925928334,14.374185922453181
3.03521521603491,0.12150668445501352,0.01745964631985777,-0.29884872600682494,14.369288733511619
3.0355069751022112,0.1215236539477083,0.017401744930541394,-0.28492457059271253,14.319636025780936
3.0357987341695125,0.12151985873685212,0.01742742986145375,-0.2880386946706258,14.34121965134305
3.0360904932368133,0.12153135342741508,0.01743273148726144,-0.27860683593950725,14.344225580992301
3.0363822523041146,0.12155102997472945,0.017473045523092628,-0.2624614326710453,14.375069900045508
3.0366740113714155,0.12150926388769082,0.01746257176392117,-0.296732197120254,14.371391287549534
3.0369657704387167,0.12156355398437775,0.017466021416513763,-0.25218497597977574,14.367810782134864
3.0372575295060176,0.12152313629838765,0.017427935824794866,-0.2853493228066004,14.34124921035806
3.037549288573319,0.12151043556406019,0.017449805589107217,-0.29577078924816186,14.36074647260045
3.0378410476406197,0.12150835581753636,0.01746304021473408,-0.2974773054263792,14.371884219186986
3.038132806707921,0.12150059925952218,0.017392245080432894,-0.3038418751404265,14.314534402652205
3.038424565775222,0.1214118773231824,0.017402780696706248,-0.3766418139751443,14.333672355944502
3.038716324842523,0.12154330719405203,0.017329366146488525,-0.2687982867135166,14.257770786852978
3.039008083909824,0.12146281716750394,0.01742683960306077,-0.3348436104659688,14.347468640570222
3.039299842977125,0.12146044426442272,0.01744578147352443,-0.33679067346188957,14.363344032847833
