run_index,ch1_max_V,ch1_min_V,diff_mV
0,0.14573718655999998,0.13448090521599998,11.256281344000001
1,0.13608894540799998,0.12161658367999997,14.47236172800001
2,0.14412914636799998,0.13287286502399998,11.256281344000001
3,0.14252110617599997,0.128048744448,14.472361727999983
4,0.14573718655999998,0.12322462387199998,22.512562688000003
5,0.14573718655999998,0.12965678463999997,16.080401920000014
6,0.16342562867199997,0.14573718655999998,17.68844211199999
7,0.15216934732799997,0.140913065984,11.256281343999975
8,0.160209548288,0.14895326694399996,11.25628134400003
9,0.14734522675199999,0.13448090521599998,12.864321536000006
10,0.14895326694399996,0.1376969856,11.256281343999975
11,0.16342562867199997,0.15377738751999998,9.648241151999997
12,0.15377738751999998,0.1376969856,16.080401919999986
13,0.13448090521599998,0.12322462387199998,11.256281344000001
14,0.14412914636799998,0.13448090521599998,9.648241151999997
15,0.25186783923199996,-0.15175024896,403.61808819199996
16,0.14895326694399996,0.139305025792,9.64824115199997
17,0.1376969856,0.128048744448,9.648241151999997
18,0.25669195980799997,-0.15175024896,408.44220876799994
19,0.16342562867199997,0.15216934732799997,11.256281344000001
20,0.25669195980799997,-0.148534168576,405.22612838399994
21,0.158601508096,0.14895326694399996,9.648241152000026
22,0.15216934732799997,0.140913065984,11.256281343999975
23,0.139305025792,0.128048744448,11.256281344000001
24,0.160209548288,0.14895326694399996,11.25628134400003
25,0.158601508096,0.14573718655999998,12.864321536000006
26,0.25669195980799997,-0.153358289152,410.05024896
27,0.14573718655999998,0.13448090521599998,11.256281344000001
28,0.25025979903999995,-0.150142208768,400.40200780799995
29,0.14734522675199999,0.13608894540799998,11.256281344000001
30,0.25669195980799997,-0.15175024896,408.44220876799994
31,0.14734522675199999,0.13608894540799998,11.256281344000001
32,0.25025979903999995,-0.153358289152,403.61808819199996
33,0.15216934732799997,0.13126482483199997,20.904522496
34,0.15377738751999998,0.14573718655999998,8.040200959999993
35,0.15699346790399998,0.14573718655999998,11.256281344000001
36,0.25347587942399996,-0.153358289152,406.83416857599997
37,0.15216934732799997,0.140913065984,11.256281343999975
38,0.16342562867199997,0.15216934732799997,11.256281344000001
39,0.14573718655999998,0.128048744448,17.68844211199999
40,0.1376969856,0.128048744448,9.648241151999997
41,0.140913065984,0.128048744448,12.864321536000006
42,0.13287286502399998,0.12161658367999997,11.256281344000001
43,0.14573718655999998,0.13287286502399998,12.864321536000006
44,0.13608894540799998,0.11518442291199998,20.904522496
45,0.139305025792,0.11679246310399999,22.512562688000003
46,0.160209548288,0.14895326694399996,11.25628134400003
47,0.25508391961599997,-0.150142208768,405.22612838399994
48,0.15699346790399998,0.14734522675199999,9.648241151999997
49,0.15056130713599997,0.1376969856,12.864321535999979
50,0.1376969856,0.12644070425599999,11.256281344000001
51,0.158601508096,0.14734522675199999,11.256281344000001
52,0.15538542771199998,0.14412914636799998,11.256281344000001
53,0.25669195980799997,-0.153358289152,410.05024896
54,0.14252110617599997,0.13448090521599998,8.040200959999993
55,0.25669195980799997,-0.15175024896,408.44220876799994
56,0.14412914636799998,0.13448090521599998,9.648241151999997
57,0.25669195980799997,-0.153358289152,410.05024896
58,0.14412914636799998,0.13448090521599998,9.648241151999997
59,0.25669195980799997,-0.153358289152,410.05024896
60,0.15056130713599997,0.13126482483199997,19.296482303999994
61,0.15216934732799997,0.140913065984,11.256281343999975
62,0.15377738751999998,0.14252110617599997,11.256281344000001
63,0.25669195980799997,-0.153358289152,410.05024896
64,0.15056130713599997,0.139305025792,11.256281343999975
65,0.160209548288,0.14734522675199999,12.864321536000006
66,0.140913065984,0.12644070425599999,14.47236172800001
67,0.13608894540799998,0.12644070425599999,9.648241151999997
68,0.139305025792,0.12644070425599999,12.864321536000006
69,0.13126482483199997,0.11840050329599999,12.864321535999979
70,0.14412914636799998,0.13287286502399998,11.256281344000001
71,0.13287286502399998,0.11357638271999998,19.296482303999994
72,0.1376969856,0.11518442291199998,22.512562688000003
73,0.158601508096,0.14734522675199999,11.256281344000001
74,0.25508391961599997,-0.153358289152,408.44220876799994
75,0.15377738751999998,0.14412914636799998,9.648241151999997
76,0.14734522675199999,0.13448090521599998,12.864321536000006
77,0.13608894540799998,0.12483266406399998,11.256281344000001
78,0.15699346790399998,0.14734522675199999,9.648241151999997
79,0.15377738751999998,0.14252110617599997,11.256281344000001
80,0.25669195980799997,-0.153358289152,410.05024896
81,0.140913065984,0.13126482483199997,9.648241152000026
82,0.25508391961599997,-0.153358289152,408.44220876799994
83,0.14412914636799998,0.13287286502399998,11.256281344000001
84,0.25669195980799997,-0.153358289152,410.05024896
85,0.14252110617599997,0.13126482483199997,11.256281344000001
86,0.25669195980799997,-0.153358289152,410.05024896
87,0.14734522675199999,0.12965678463999997,17.68844211200002
88,0.15056130713599997,0.139305025792,11.256281343999975
89,0.15216934732799997,0.140913065984,11.256281343999975
90,0.25669195980799997,-0.150142208768,406.83416857599997
91,0.14895326694399996,0.1376969856,11.256281343999975
92,0.15699346790399998,0.14895326694399996,8.040200960000021
93,0.139305025792,0.12322462387199998,16.080401920000014
94,0.13448090521599998,0.12483266406399998,9.648241151999997
95,0.13608894540799998,0.12483266406399998,11.256281344000001
96,0.12965678463999997,0.11840050329599999,11.256281343999975
97,0.14252110617599997,0.12965678463999997,12.864321536000006
98,0.13126482483199997,0.11196834252799998,19.296482303999994
99,0.13608894540799998,0.11357638271999998,22.512562688000003
100,0.15699346790399998,0.14573718655999998,11.256281344000001
101,0.25669195980799997,-0.153358289152,410.05024896
102,0.15216934732799997,0.14252110617599997,9.648241151999997
103,0.14573718655999998,0.13287286502399998,12.864321536000006
104,0.13448090521599998,0.12322462387199998,11.256281344000001
105,0.15538542771199998,0.14412914636799998,11.256281344000001
106,0.15216934732799997,0.139305025792,12.864321535999979
107,0.25669195980799997,-0.153358289152,410.05024896
108,0.139305025792,0.12965678463999997,9.648241152000026
109,0.25669195980799997,-0.153358289152,410.05024896
110,0.140913065984,0.13126482483199997,9.648241152000026
111,0.25669195980799997,-0.153358289152,410.05024896
112,0.140913065984,0.12965678463999997,11.25628134400003
113,0.25669195980799997,-0.153358289152,410.05024896
114,0.14573718655999998,0.128048744448,17.68844211199999
115,0.14734522675199999,0.1376969856,9.648241151999997
116,0.14895326694399996,0.139305025792,9.64824115199997
117,0.25669195980799997,-0.153358289152,410.05024896
118,0.14734522675199999,0.13608894540799998,11.256281344000001
119,0.15538542771199998,0.14412914636799998,11.256281344000001
120,0.1376969856,0.12322462387199998,14.47236172800001
121,0.13287286502399998,0.12322462387199998,9.648241151999997
122,0.13448090521599998,0.12161658367999997,12.864321536000006
123,0.128048744448,0.11679246310399999,11.256281344000001
124,0.140913065984,0.12644070425599999,14.47236172800001
125,0.13126482483199997,0.11196834252799998,19.296482303999994
126,0.13287286502399998,0.11196834252799998,20.904522496
127,0.15377738751999998,0.14412914636799998,9.648241151999997
128,0.25669195980799997,-0.153358289152,410.05024896
129,0.15056130713599997,0.140913065984,9.64824115199997
130,0.14252110617599997,0.13126482483199997,11.256281344000001
131,0.13287286502399998,0.12161658367999997,11.256281344000001
132,0.15216934732799997,0.14412914636799998,8.040200959999993
133,0.15056130713599997,0.1376969856,12.864321535999979
134,0.25669195980799997,-0.153358289152,410.05024896
135,0.1376969856,0.128048744448,9.648241151999997
136,0.25669195980799997,0.09749598079999999,159.19597900799997
137,0.139305025792,0.12965678463999997,9.648241152000026
138,0.25669195980799997,-0.153358289152,410.05024896
139,0.139305025792,0.128048744448,11.256281344000001
140,0.25669195980799997,-0.15175024896,408.44220876799994
141,0.14412914636799998,0.12644070425599999,17.68844211199999
142,0.14573718655999998,0.13608894540799998,9.648241151999997
143,0.14734522675199999,0.1376969856,9.648241151999997
144,0.25669195980799997,-0.15175024896,408.44220876799994
145,0.14412914636799998,0.13287286502399998,11.256281344000001
146,0.15377738751999998,0.14412914636799998,9.648241151999997
147,0.13608894540799998,0.12161658367999997,14.47236172800001
148,0.13287286502399998,0.12161658367999997,11.256281344000001
149,0.13287286502399998,0.12000854348799997,12.864321536000006
150,0.128048744448,0.11518442291199998,12.864321536000006
151,0.139305025792,0.12644070425599999,12.864321536000006
152,0.13126482483199997,0.11036030233599997,20.904522496
153,0.13126482483199997,0.11036030233599997,20.904522496
154,0.15216934732799997,0.140913065984,11.256281343999975
155,0.25508391961599997,-0.15175024896,406.83416857599997
156,0.14895326694399996,0.139305025792,9.64824115199997
157,0.14252110617599997,0.12965678463999997,12.864321536000006
158,0.13287286502399998,0.12161658367999997,11.256281344000001
159,0.15056130713599997,0.140913065984,9.64824115199997
160,0.14895326694399996,0.13608894540799998,12.864321535999979
161,0.25669195980799997,-0.15175024896,408.44220876799994
162,0.13608894540799998,0.128048744448,8.040200959999993
163,0.25025979903999995,0.09749598079999999,152.76381823999995
164,0.1376969856,0.12965678463999997,8.040200960000021
165,0.25508391961599997,-0.153358289152,408.44220876799994
166,0.1376969856,0.128048744448,9.648241151999997
167,0.25669195980799997,-0.15175024896,408.44220876799994
168,0.14252110617599997,0.12483266406399998,17.68844211199999
169,0.14412914636799998,0.13448090521599998,9.648241151999997
170,0.14734522675199999,0.13448090521599998,12.864321536000006
171,0.25186783923199996,-0.153358289152,405.22612838399994
172,0.14252110617599997,0.13287286502399998,9.648241151999997
173,0.15216934732799997,0.14252110617599997,9.648241151999997
174,0.13448090521599998,0.11840050329599999,16.080401919999986
175,0.13126482483199997,0.12161658367999997,9.648241151999997
176,0.13126482483199997,0.12000854348799997,11.256281344000001
177,0.128048744448,0.11518442291199998,12.864321536000006
178,0.1376969856,0.12644070425599999,11.256281344000001
179,0.12965678463999997,0.108752262144,20.904522495999974
180,0.13126482483199997,0.11036030233599997,20.904522496
181,0.15056130713599997,0.140913065984,9.64824115199997
182,0.25669195980799997,-0.153358289152,410.05024896
183,0.14734522675199999,0.13608894540799998,11.256281344000001
184,0.140913065984,0.128048744448,12.864321536000006
185,0.13126482483199997,0.12000854348799997,11.256281344000001
186,0.15056130713599997,0.139305025792,11.256281343999975
187,0.14573718655999998,0.13126482483199997,14.47236172800001
188,0.25669195980799997,-0.15175024896,408.44220876799994
189,0.13448090521599998,0.12483266406399998,9.648241151999997
190,0.24865175884799998,0.09427990041599998,154.37185843199998
191,0.1376969856,0.128048744448,9.648241151999997
192,0.25347587942399996,0.10071206118399997,152.76381823999998
193,0.13608894540799998,0.12483266406399998,11.256281344000001
194,0.25186783923199996,0.10232010137599998,149.54773785599997
195,0.14252110617599997,0.12322462387199998,19.296482303999994
196,0.14252110617599997,0.13126482483199997,11.256281344000001
197,0.14412914636799998,0.13448090521599998,9.648241151999997
198,0.25669195980799997,-0.153358289152,410.05024896
199,0.14252110617599997,0.13126482483199997,11.256281344000001
200,0.14895326694399996,0.140913065984,8.040200959999966
201,0.13287286502399998,0.11679246310399999,16.080401919999986
202,0.12965678463999997,0.12000854348799997,9.648241151999997
203,0.12965678463999997,0.11679246310399999,12.864321535999979
204,0.12644070425599999,0.11357638271999998,12.864321536000006
205,0.13608894540799998,0.12322462387199998,12.864321536000006
206,0.128048744448,0.10714422195199999,20.904522496
207,0.12965678463999997,0.108752262144,20.904522495999974
208,0.14895326694399996,0.139305025792,9.64824115199997
209,0.25669195980799997,-0.153358289152,410.05024896
210,0.14412914636799998,0.13608894540799998,8.040200959999993
211,0.1376969856,0.12644070425599999,11.256281344000001
212,0.12965678463999997,0.12000854348799997,9.648241151999997
213,0.14895326694399996,0.1376969856,11.256281343999975
214,0.14412914636799998,0.13126482483199997,12.864321536000006
215,0.25347587942399996,0.10553618175999999,147.93969766399997
216,0.13287286502399998,0.12322462387199998,9.648241151999997
217,0.24382763827199996,0.09427990041599998,149.54773785599997
218,0.13608894540799998,0.12483266406399998,11.256281344000001
219,0.25025979903999995,0.10071206118399997,149.54773785599997
220,0.13448090521599998,0.12483266406399998,9.648241151999997
221,0.25186783923199996,0.10232010137599998,149.54773785599997
222,0.140913065984,0.12322462387199998,17.68844211200002
223,0.139305025792,0.13126482483199997,8.040200960000021
224,0.14252110617599997,0.13287286502399998,9.648241151999997
225,0.25669195980799997,-0.153358289152,410.05024896
226,0.140913065984,0.12965678463999997,11.25628134400003
227,0.14734522675199999,0.139305025792,8.040200959999993
228,0.12965678463999997,0.11518442291199998,14.472361727999983
229,0.128048744448,0.11840050329599999,9.648241151999997
230,0.128048744448,0.11679246310399999,11.256281344000001
231,0.12483266406399998,0.11357638271999998,11.256281344000001
232,0.13287286502399998,0.12161658367999997,11.256281344000001
233,0.12644070425599999,0.10714422195199999,19.296482303999994
234,0.128048744448,0.10714422195199999,20.904522496
235,0.14734522675199999,0.13608894540799998,11.256281344000001
236,0.25669195980799997,-0.153358289152,410.05024896
237,0.14412914636799998,0.13287286502399998,11.256281344000001
238,0.13608894540799998,0.12322462387199998,12.864321536000006
239,0.128048744448,0.11840050329599999,9.648241151999997
240,0.14734522675199999,0.13608894540799998,11.256281344000001
241,0.14252110617599997,0.12965678463999997,12.864321536000006
242,0.25186783923199996,0.10392814156799998,147.93969766399997
243,0.13126482483199997,0.12161658367999997,9.648241151999997
244,0.24061155788799998,0.09267186022399998,147.939697664
245,0.13448090521599998,0.12322462387199998,11.256281344000001
246,0.24543567846399997,0.09910402099199997,146.331657472
247,0.13287286502399998,0.12161658367999997,11.256281344000001
248,0.24865175884799998,0.10071206118399997,147.939697664
249,0.139305025792,0.12161658367999997,17.68844211200002
250,0.139305025792,0.12965678463999997,9.648241152000026
251,0.140913065984,0.12965678463999997,11.25628134400003
252,0.25669195980799997,-0.153358289152,410.05024896
253,0.139305025792,0.12965678463999997,9.648241152000026
254,0.14573718655999998,0.1376969856,8.040200959999993
255,0.12965678463999997,0.11357638271999998,16.080401919999986
256,0.128048744448,0.11679246310399999,11.256281344000001
257,0.12644070425599999,0.11357638271999998,12.864321536000006
258,0.12322462387199998,0.11196834252799998,11.256281344000001
259,0.13287286502399998,0.12000854348799997,12.864321536000006
260,0.12483266406399998,0.10714422195199999,17.68844211199999
261,0.12644070425599999,0.10553618175999999,20.904522496
262,0.14573718655999998,0.13608894540799998,9.648241151999997
263,0.25669195980799997,-0.153358289152,410.05024896
264,0.140913065984,0.13126482483199997,9.648241152000026
265,0.13287286502399998,0.12161658367999997,11.256281344000001
266,0.128048744448,0.11840050329599999,9.648241151999997
267,0.14573718655999998,0.13448090521599998,11.256281344000001
268,0.140913065984,0.12965678463999997,11.25628134400003
269,0.24865175884799998,0.10232010137599998,146.331657472
270,0.12965678463999997,0.12161658367999997,8.040200959999993
271,0.24061155788799998,0.09267186022399998,147.939697664
272,0.13287286502399998,0.12322462387199998,9.648241151999997
273,0.24543567846399997,0.09910402099199997,146.331657472
274,0.13126482483199997,0.12000854348799997,11.256281344000001
275,0.24704371865599997,0.10071206118399997,146.331657472
276,0.1376969856,0.12000854348799997,17.68844211200002
277,0.1376969856,0.128048744448,9.648241151999997
278,0.139305025792,0.12965678463999997,9.648241152000026
279,0.25508391961599997,-0.153358289152,408.44220876799994
280,0.140913065984,0.13126482483199997,9.648241152000026
281,0.14573718655999998,0.13448090521599998,11.256281344000001
282,0.25025979903999995,0.09749598079999999,152.76381823999995
283,0.128048744448,0.11840050329599999,9.648241151999997
284,0.12000854348799997,0.10714422195199999,12.864321535999979
285,0.128048744448,0.11679246310399999,11.256281344000001
286,0.128048744448,0.11357638271999998,14.47236172800001
287,0.24382763827199996,0.09749598079999999,146.33165747199996
288,0.128048744448,0.11679246310399999,11.256281344000001
289,0.14412914636799998,0.13287286502399998,11.256281344000001
290,0.13126482483199997,0.12161658367999997,9.648241151999997
291,0.139305025792,0.12965678463999997,9.648241152000026
292,0.12965678463999997,0.11357638271999998,16.080401919999986
293,0.13126482483199997,0.12161658367999997,9.648241151999997
294,0.14573718655999998,0.13608894540799998,9.648241151999997
295,0.13448090521599998,0.12161658367999997,12.864321536000006
296,0.12000854348799997,0.108752262144,11.256281343999975
297,0.128048744448,0.11840050329599999,9.648241151999997
298,0.22935527654399998,0.09749598079999999,131.85929574399998
299,0.13287286502399998,0.12322462387199998,9.648241151999997
300,0.12483266406399998,0.11196834252799998,12.864321536000006
301,0.128048744448,0.10232010137599998,25.72864307200001
302,0.13126482483199997,0.108752262144,22.512562687999978
303,0.12644070425599999,0.11036030233599997,16.080401920000014
304,0.1376969856,0.128048744448,9.648241151999997
305,0.13608894540799998,0.12644070425599999,9.648241151999997
306,0.25669195980799997,-0.148534168576,405.22612838399994
307,0.139305025792,0.13126482483199997,8.040200960000021
308,0.14252110617599997,0.13126482483199997,11.256281344000001
309,0.24865175884799998,0.09749598079999999,151.15577804799997
310,0.128048744448,0.11840050329599999,9.648241151999997
311,0.12000854348799997,0.10553618175999999,14.472361727999983
312,0.128048744448,0.11679246310399999,11.256281344000001
313,0.12644070425599999,0.11036030233599997,16.080401920000014
314,0.24221959808,0.09588794060799999,146.331657472
315,0.128048744448,0.11679246310399999,11.256281344000001
316,0.14252110617599997,0.13287286502399998,9.648241151999997
317,0.12965678463999997,0.12000854348799997,9.648241151999997
318,0.139305025792,0.128048744448,11.256281344000001
319,0.12965678463999997,0.11679246310399999,12.864321535999979
320,0.12965678463999997,0.12000854348799997,9.648241151999997
321,0.14252110617599997,0.13448090521599998,8.040200959999993
322,0.13448090521599998,0.12161658367999997,12.864321536000006
323,0.11840050329599999,0.10714422195199999,11.256281344000001
324,0.12644070425599999,0.11679246310399999,9.648241151999997
325,0.22453115596799997,0.09588794060799999,128.64321535999997
326,0.13126482483199997,0.12000854348799997,11.256281344000001
327,0.12322462387199998,0.11036030233599997,12.864321536000006
328,0.12644070425599999,0.10232010137599998,24.120602880000007
329,0.13126482483199997,0.108752262144,22.512562687999978
330,0.12483266406399998,0.10714422195199999,17.68844211199999
331,0.13608894540799998,0.12644070425599999,9.648241151999997
332,0.13448090521599998,0.12483266406399998,9.648241151999997
333,0.25669195980799997,-0.153358289152,410.05024896
334,0.139305025792,0.128048744448,11.256281344000001
335,0.140913065984,0.12965678463999997,11.25628134400003
336,0.24704371865599997,0.09588794060799999,151.15577804799997
337,0.12644070425599999,0.11679246310399999,9.648241151999997
338,0.11840050329599999,0.10553618175999999,12.864321536000006
339,0.12483266406399998,0.11357638271999998,11.256281344000001
340,0.12483266406399998,0.11036030233599997,14.47236172800001
341,0.23900351769599998,0.09588794060799999,143.11557708799998
342,0.12483266406399998,0.11518442291199998,9.648241151999997
343,0.140913065984,0.12644070425599999,14.47236172800001
344,0.12965678463999997,0.11840050329599999,11.256281343999975
345,0.1376969856,0.12644070425599999,11.256281344000001
346,0.12644070425599999,0.11357638271999998,12.864321536000006
347,0.12965678463999997,0.11840050329599999,11.256281343999975
348,0.14412914636799998,0.13287286502399998,11.256281344000001
349,0.13126482483199997,0.11679246310399999,14.472361727999983
350,0.11840050329599999,0.10714422195199999,11.256281344000001
351,0.12644070425599999,0.11518442291199998,11.256281344000001
352,0.221315075584,0.09588794060799999,125.427134976
353,0.12965678463999997,0.12000854348799997,9.648241151999997
354,0.12322462387199998,0.108752262144,14.472361727999983
355,0.12483266406399998,0.10071206118399997,24.120602880000007
356,0.12965678463999997,0.10714422195199999,22.512562687999978
357,0.12483266406399998,0.108752262144,16.080401919999986
358,0.13448090521599998,0.12644070425599999,8.040200959999993
359,0.13287286502399998,0.12161658367999997,11.256281344000001
360,0.24382763827199996,-0.15175024896,395.5778872319999
361,0.1376969856,0.128048744448,9.648241151999997
362,0.139305025792,0.128048744448,11.256281344000001
363,0.24382763827199996,0.09267186022399998,151.15577804799997
364,0.12483266406399998,0.11679246310399999,8.040200959999993
365,0.11840050329599999,0.10392814156799998,14.47236172800001
366,0.12483266406399998,0.11357638271999998,11.256281344000001
367,0.12322462387199998,0.10714422195199999,16.080401919999986
368,0.23900351769599998,0.09427990041599998,144.72361727999998
369,0.12483266406399998,0.11518442291199998,9.648241151999997
370,0.140913065984,0.128048744448,12.864321536000006
371,0.12644070425599999,0.11679246310399999,9.648241151999997
372,0.13448090521599998,0.12483266406399998,9.648241151999997
373,0.12483266406399998,0.11196834252799998,12.864321536000006
374,0.128048744448,0.11840050329599999,9.648241151999997
375,0.140913065984,0.13126482483199997,9.648241152000026
376,0.12965678463999997,0.11679246310399999,12.864321535999979
377,0.11518442291199998,0.10553618175999999,9.648241151999997
378,0.12483266406399998,0.11357638271999998,11.256281344000001
379,0.222923115776,0.09588794060799999,127.03517516800001
380,0.128048744448,0.11840050329599999,9.648241151999997
381,0.12161658367999997,0.108752262144,12.864321535999979
382,0.12322462387199998,0.09910402099199997,24.120602880000007
383,0.12965678463999997,0.10714422195199999,22.512562687999978
384,0.12322462387199998,0.10714422195199999,16.080401919999986
385,0.13448090521599998,0.12483266406399998,9.648241151999997
386,0.13126482483199997,0.12161658367999997,9.648241151999997
387,0.25508391961599997,0.10553618175999999,149.54773785599997
388,0.13608894540799998,0.12644070425599999,9.648241151999997
389,0.139305025792,0.128048744448,11.256281344000001
390,0.23739547750399997,0.09427990041599998,143.11557708799998
391,0.12322462387199998,0.11357638271999998,9.648241151999997
392,0.11518442291199998,0.10232010137599998,12.864321536000006
393,0.12322462387199998,0.11357638271999998,9.648241151999997
394,0.12161658367999997,0.10714422195199999,14.472361727999983
395,0.23578743731199997,0.09267186022399998,143.11557708799998
396,0.12322462387199998,0.11196834252799998,11.256281344000001
397,0.139305025792,0.12483266406399998,14.47236172800001
398,0.12644070425599999,0.11518442291199998,11.256281344000001
399,0.13448090521599998,0.12483266406399998,9.648241151999997
400,0.12322462387199998,0.11036030233599997,12.864321536000006
401,0.128048744448,0.11840050329599999,9.648241151999997
402,0.139305025792,0.128048744448,11.256281344000001
403,0.12965678463999997,0.11518442291199998,14.472361727999983
404,0.11518442291199998,0.10553618175999999,9.648241151999997
405,0.12322462387199998,0.11196834252799998,11.256281344000001
406,0.10714422195199999,0.09588794060799999,11.256281344000001
407,0.128048744448,0.11840050329599999,9.648241151999997
408,0.12161658367999997,0.108752262144,12.864321535999979
409,0.12161658367999997,0.09749598079999999,24.120602879999982
410,0.12644070425599999,0.10553618175999999,20.904522496
411,0.12161658367999997,0.10392814156799998,17.68844211199999
412,0.13126482483199997,0.12322462387199998,8.040200959999993
413,0.12965678463999997,0.11840050329599999,11.256281343999975
414,0.24061155788799998,0.10553618175999999,135.075376128
415,0.13448090521599998,0.12644070425599999,8.040200959999993
416,0.1376969856,0.128048744448,9.648241151999997
417,0.23578743731199997,0.09106382003199998,144.72361727999998
418,0.12483266406399998,0.11357638271999998,11.256281344000001
419,0.11357638271999998,0.10071206118399997,12.864321536000006
420,0.12322462387199998,0.11357638271999998,9.648241151999997
421,0.12161658367999997,0.10553618175999999,16.080401919999986
422,0.23096331673599999,0.09267186022399998,138.291456512
423,0.12322462387199998,0.11196834252799998,11.256281344000001
424,0.1376969856,0.12483266406399998,12.864321536000006
425,0.12483266406399998,0.11357638271999998,11.256281344000001
426,0.13287286502399998,0.12161658367999997,11.256281344000001
427,0.12161658367999997,0.11196834252799998,9.648241151999997
428,0.12644070425599999,0.11679246310399999,9.648241151999997
429,0.1376969856,0.128048744448,9.648241151999997
430,0.128048744448,0.11518442291199998,12.864321536000006
431,0.11518442291199998,0.10392814156799998,11.256281344000001
432,0.12161658367999997,0.11196834252799998,9.648241151999997
433,0.10714422195199999,0.09588794060799999,11.256281344000001
434,0.12644070425599999,0.11518442291199998,11.256281344000001
435,0.12000854348799997,0.10714422195199999,12.864321535999979
436,0.12000854348799997,0.09588794060799999,24.120602879999982
437,0.12644070425599999,0.10553618175999999,20.904522496
438,0.12000854348799997,0.10392814156799998,16.080401919999986
439,0.13126482483199997,0.12161658367999997,9.648241151999997
440,0.12965678463999997,0.11840050329599999,11.256281343999975
441,0.11518442291199998,0.10392814156799998,11.256281344000001
442,0.13448090521599998,0.12483266406399998,9.648241151999997
443,0.13608894540799998,0.12483266406399998,11.256281344000001
444,0.23096331673599999,0.09106382003199998,139.899496704
445,0.12161658367999997,0.11357638271999998,8.040200959999993
446,0.11357638271999998,0.10071206118399997,12.864321536000006
447,0.12161658367999997,0.11196834252799998,9.648241151999997
448,0.12000854348799997,0.10553618175999999,14.472361727999983
449,0.22935527654399998,0.09267186022399998,136.68341632
450,0.12161658367999997,0.11196834252799998,9.648241151999997
451,0.13608894540799998,0.12483266406399998,11.256281344000001
452,0.12322462387199998,0.11196834252799998,11.256281344000001
453,0.13126482483199997,0.12161658367999997,9.648241151999997
454,0.12000854348799997,0.108752262144,11.256281343999975
455,0.12644070425599999,0.11518442291199998,11.256281344000001
456,0.1376969856,0.128048744448,9.648241151999997
457,0.12644070425599999,0.11357638271999998,12.864321536000006
458,0.11518442291199998,0.10392814156799998,11.256281344000001
459,0.12161658367999997,0.11196834252799998,9.648241151999997
460,0.10714422195199999,0.09588794060799999,11.256281344000001
461,0.12483266406399998,0.11679246310399999,8.040200959999993
462,0.12000854348799997,0.10714422195199999,12.864321535999979
463,0.12000854348799997,0.09588794060799999,24.120602879999982
464,0.12483266406399998,0.10392814156799998,20.904522496
465,0.12000854348799997,0.10232010137599998,17.68844211199999
466,0.12965678463999997,0.12000854348799997,9.648241151999997
467,0.12644070425599999,0.11518442291199998,11.256281344000001
468,0.11518442291199998,0.10392814156799998,11.256281344000001
469,0.13448090521599998,0.12322462387199998,11.256281344000001
470,0.13287286502399998,0.12322462387199998,9.648241151999997
471,0.23257135692799996,0.08945577983999997,143.11557708799998
472,0.12161658367999997,0.11036030233599997,11.256281344000001
473,0.11196834252799998,0.10071206118399997,11.256281344000001
474,0.12161658367999997,0.11036030233599997,11.256281344000001
475,0.11679246310399999,0.10392814156799998,12.864321536000006
476,0.22613919615999997,0.09106382003199998,135.075376128
477,0.12000854348799997,0.108752262144,11.256281343999975
478,0.13608894540799998,0.12483266406399998,11.256281344000001
479,0.12161658367999997,0.11196834252799998,9.648241151999997
480,0.12965678463999997,0.11840050329599999,11.256281343999975
481,0.12000854348799997,0.108752262144,11.256281343999975
482,0.12483266406399998,0.11357638271999998,11.256281344000001
483,0.13448090521599998,0.12644070425599999,8.040200959999993
484,0.12483266406399998,0.11036030233599997,14.47236172800001
485,0.11357638271999998,0.10392814156799998,9.648241151999997
486,0.12000854348799997,0.108752262144,11.256281343999975
487,0.10714422195199999,0.09427990041599998,12.864321536000006
488,0.12322462387199998,0.11357638271999998,9.648241151999997
489,0.11679246310399999,0.10553618175999999,11.256281344000001
490,0.11679246310399999,0.09267186022399998,24.120602880000007
491,0.12483266406399998,0.10232010137599998,22.512562688000003
492,0.11840050329599999,0.10232010137599998,16.080401920000014
493,0.128048744448,0.11679246310399999,11.256281344000001
494,0.12483266406399998,0.11357638271999998,11.256281344000001
495,0.11196834252799998,0.10232010137599998,9.648241151999997
496,0.13126482483199997,0.12322462387199998,8.040200959999993
497,0.13287286502399998,0.12322462387199998,9.648241151999997
498,0.22935527654399998,0.08945577983999997,139.899496704
499,0.11840050329599999,0.11036030233599997,8.040200960000021
500,0.11036030233599997,0.09749598079999999,12.864321535999979
501,0.12000854348799997,0.108752262144,11.256281343999975
502,0.11518442291199998,0.10071206118399997,14.47236172800001
503,0.222923115776,0.09106382003199998,131.859295744
504,0.11840050329599999,0.108752262144,9.648241151999997
505,0.13287286502399998,0.12322462387199998,9.648241151999997
506,0.12161658367999997,0.11036030233599997,11.256281344000001
507,0.128048744448,0.11679246310399999,11.256281344000001
508,0.11679246310399999,0.10553618175999999,11.256281344000001
509,0.12322462387199998,0.11357638271999998,9.648241151999997
510,0.13448090521599998,0.12322462387199998,11.256281344000001
511,0.12322462387199998,0.11036030233599997,12.864321536000006
512,0.11196834252799998,0.10232010137599998,9.648241151999997
513,0.11840050329599999,0.10714422195199999,11.256281344000001
514,0.10553618175999999,0.09267186022399998,12.864321536000006
515,0.12161658367999997,0.11357638271999998,8.040200959999993
516,0.11679246310399999,0.10553618175999999,11.256281344000001
517,0.11679246310399999,0.09267186022399998,24.120602880000007
518,0.12161658367999997,0.10232010137599998,19.296482303999994
519,0.11679246310399999,0.10232010137599998,14.47236172800001
520,0.12644070425599999,0.11679246310399999,9.648241151999997
521,0.12483266406399998,0.11357638271999998,11.256281344000001
522,0.11196834252799998,0.10232010137599998,9.648241151999997
523,0.13126482483199997,0.12161658367999997,9.648241151999997
524,0.13126482483199997,0.11840050329599999,12.864321535999979
525,0.22935527654399998,0.087847739648,141.50753689599998
526,0.11840050329599999,0.108752262144,9.648241151999997
527,0.108752262144,0.09588794060799999,12.864321536000006
528,0.11840050329599999,0.108752262144,9.648241151999997
529,0.11518442291199998,0.10232010137599998,12.864321536000006
530,0.221315075584,0.087847739648,133.46733593599998
531,0.11840050329599999,0.10714422195199999,11.256281344000001
532,0.13287286502399998,0.12161658367999997,11.256281344000001
533,0.12000854348799997,0.108752262144,11.256281343999975
534,0.12644070425599999,0.11679246310399999,9.648241151999997
535,0.11518442291199998,0.10392814156799998,11.256281344000001
536,0.12322462387199998,0.11196834252799998,11.256281344000001
537,0.13287286502399998,0.12161658367999997,11.256281344000001
538,0.12161658367999997,0.108752262144,12.864321535999979
539,0.11357638271999998,0.10553618175999999,8.040200959999993
540,0.11518442291199998,0.10392814156799998,11.256281344000001
541,0.11679246310399999,0.10714422195199999,9.648241151999997
542,0.11679246310399999,0.10392814156799998,12.864321536000006
543,0.221315075584,0.08945577983999997,131.859295744
544,0.11679246310399999,0.10553618175999999,11.256281344000001
545,0.13126482483199997,0.12161658367999997,9.648241151999997
546,0.23578743731199997,0.09588794060799999,139.89949670399997
547,0.12644070425599999,0.11679246310399999,9.648241151999997
548,0.11679246310399999,0.10392814156799998,12.864321536000006
549,0.12161658367999997,0.11036030233599997,11.256281344000001
550,0.13126482483199997,0.12161658367999997,9.648241151999997
551,0.12322462387199998,0.11196834252799998,11.256281344000001
552,0.108752262144,0.09910402099199997,9.648241152000026
553,0.11679246310399999,0.10714422195199999,9.648241151999997
554,0.20845075404799998,0.087847739648,120.60301439999999
555,0.12000854348799997,0.11196834252799998,8.040200959999993
556,0.11357638271999998,0.09910402099199997,14.47236172800001
557,0.11840050329599999,0.10232010137599998,16.080401920000014
558,0.22453115596799997,0.087847739648,136.68341631999996
559,0.12161658367999997,0.10392814156799998,17.68844211199999
560,0.12322462387199998,0.11357638271999998,9.648241151999997
561,0.12322462387199998,0.11357638271999998,9.648241151999997
562,0.23578743731199997,0.09910402099199997,136.68341632
563,0.128048744448,0.11840050329599999,9.648241151999997
564,0.12965678463999997,0.12000854348799997,9.648241151999997
565,0.222923115776,0.087847739648,135.075376128
566,0.11679246310399999,0.10714422195199999,9.648241151999997
567,0.108752262144,0.09749598079999999,11.256281344000001
568,0.11518442291199998,0.10553618175999999,9.648241151999997
569,0.11679246310399999,0.10232010137599998,14.47236172800001
570,0.21809899519999998,0.087847739648,130.25125555199998
571,0.11679246310399999,0.10553618175999999,11.256281344000001
572,0.12965678463999997,0.12161658367999997,8.040200959999993
573,0.24221959808,0.09427990041599998,147.939697664
574,0.12483266406399998,0.11357638271999998,11.256281344000001
575,0.11679246310399999,0.10392814156799998,12.864321536000006
576,0.12000854348799997,0.11036030233599997,9.648241151999997
577,0.13126482483199997,0.12161658367999997,9.648241151999997
578,0.12161658367999997,0.11036030233599997,11.256281344000001
579,0.108752262144,0.09749598079999999,11.256281344000001
580,0.11679246310399999,0.10714422195199999,9.648241151999997
581,0.20523467366399997,0.08945577983999997,115.77889382400001
582,0.12000854348799997,0.108752262144,11.256281343999975
583,0.11518442291199998,0.10553618175999999,9.648241151999997
584,0.21166683443199996,0.08463165926399999,127.03517516799998
585,0.12483266406399998,0.10714422195199999,17.68844211199999
586,0.23739547750399997,0.09427990041599998,143.11557708799998
587,0.12322462387199998,0.11357638271999998,9.648241151999997
588,0.12000854348799997,0.108752262144,11.256281343999975
589,0.11357638271999998,0.10232010137599998,11.256281344000001
590,0.12965678463999997,0.12000854348799997,9.648241151999997
591,0.12644070425599999,0.11518442291199998,11.256281344000001
592,0.21809899519999998,0.08945577983999997,128.64321536
593,0.11679246310399999,0.10714422195199999,9.648241151999997
594,0.21327487462399997,0.08302361907199998,130.25125555199998
595,0.11840050329599999,0.108752262144,9.648241151999997
596,0.21809899519999998,0.087847739648,130.25125555199998
597,0.11518442291199998,0.09910402099199997,16.080401920000014
598,0.11518442291199998,0.09910402099199997,16.080401920000014
599,0.128048744448,0.11357638271999998,14.47236172800001
600,0.11840050329599999,0.108752262144,9.648241151999997
601,0.12322462387199998,0.11196834252799998,11.256281344000001
602,0.23578743731199997,0.09106382003199998,144.72361727999998
603,0.12161658367999997,0.11357638271999998,8.040200959999993
604,0.12965678463999997,0.12000854348799997,9.648241151999997
605,0.11518442291199998,0.10232010137599998,12.864321536000006
606,0.11036030233599997,0.10232010137599998,8.040200959999993
607,0.11357638271999998,0.10232010137599998,11.256281344000001
608,0.10714422195199999,0.09427990041599998,12.864321536000006
609,0.11840050329599999,0.10714422195199999,11.256281344000001
610,0.11518442291199998,0.10392814156799998,11.256281344000001
611,0.21327487462399997,0.08302361907199998,130.25125555199998
612,0.12322462387199998,0.10714422195199999,16.080401919999986
613,0.23578743731199997,0.09427990041599998,141.50753689599998
614,0.12161658367999997,0.11357638271999998,8.040200959999993
615,0.11840050329599999,0.10553618175999999,12.864321536000006
616,0.11196834252799998,0.10232010137599998,9.648241151999997
617,0.128048744448,0.11840050329599999,9.648241151999997
618,0.12483266406399998,0.11518442291199998,9.648241151999997
619,0.21488291481599997,0.08945577983999997,125.427134976
620,0.11518442291199998,0.10553618175999999,9.648241151999997
621,0.21166683443199996,0.08302361907199998,128.64321535999997
622,0.11679246310399999,0.10714422195199999,9.648241151999997
623,0.21649095500799997,0.087847739648,128.64321535999997
624,0.11518442291199998,0.09749598079999999,17.68844211199999
625,0.11518442291199998,0.09749598079999999,17.68844211199999
626,0.12644070425599999,0.11357638271999998,12.864321536000006
627,0.11679246310399999,0.10714422195199999,9.648241151999997
628,0.12161658367999997,0.11036030233599997,11.256281344000001
629,0.23096331673599999,0.09106382003199998,139.899496704
630,0.12161658367999997,0.11196834252799998,9.648241151999997
631,0.128048744448,0.11840050329599999,9.648241151999997
632,0.11357638271999998,0.10232010137599998,11.256281344000001
633,0.11036030233599997,0.10071206118399997,9.648241151999997
634,0.11196834252799998,0.10232010137599998,9.648241151999997
635,0.10553618175999999,0.09427990041599998,11.256281344000001
636,0.11679246310399999,0.10714422195199999,9.648241151999997
637,0.11357638271999998,0.10392814156799998,9.648241151999997
638,0.20362663347199997,0.08141557887999998,122.211054592
639,0.12322462387199998,0.10553618175999999,17.68844211199999
640,0.222923115776,0.09588794060799999,127.03517516800001
641,0.12161658367999997,0.11196834252799998,9.648241151999997
642,0.11679246310399999,0.10392814156799998,12.864321536000006
643,0.11036030233599997,0.10071206118399997,9.648241151999997
644,0.12644070425599999,0.11679246310399999,9.648241151999997
645,0.12322462387199998,0.11357638271999998,9.648241151999997
646,0.21327487462399997,0.087847739648,125.42713497599998
647,0.11357638271999998,0.10392814156799998,9.648241151999997
648,0.21005879423999999,0.08141557887999998,128.64321536
649,0.11679246310399999,0.10714422195199999,9.648241151999997
650,0.21809899519999998,0.08463165926399999,133.46733593599998
651,0.11357638271999998,0.09749598079999999,16.080401919999986
652,0.11357638271999998,0.09749598079999999,16.080401919999986
653,0.12644070425599999,0.11196834252799998,14.47236172800001
654,0.11518442291199998,0.10714422195199999,8.040200959999993
655,0.12161658367999997,0.11036030233599997,11.256281344000001
656,0.22935527654399998,0.09106382003199998,138.291456512
657,0.12000854348799997,0.11036030233599997,9.648241151999997
658,0.128048744448,0.11840050329599999,9.648241151999997
659,0.11357638271999998,0.10071206118399997,12.864321536000006
660,0.11036030233599997,0.10071206118399997,9.648241151999997
661,0.11196834252799998,0.10071206118399997,11.256281344000001
662,0.10553618175999999,0.09427990041599998,11.256281344000001
663,0.11518442291199998,0.10553618175999999,9.648241151999997
664,0.11196834252799998,0.10392814156799998,8.040200959999993
665,0.20523467366399997,0.08141557887999998,123.819094784
666,0.12161658367999997,0.10553618175999999,16.080401919999986
667,0.23257135692799996,0.09427990041599998,138.29145651199997
668,0.12000854348799997,0.11036030233599997,9.648241151999997
669,0.11518442291199998,0.10553618175999999,9.648241151999997
670,0.11036030233599997,0.10071206118399997,9.648241151999997
671,0.12483266406399998,0.11518442291199998,9.648241151999997
672,0.12322462387199998,0.11196834252799998,11.256281344000001
673,0.21327487462399997,0.087847739648,125.42713497599998
674,0.11357638271999998,0.10392814156799998,9.648241151999997
675,0.20684271385599998,0.08141557887999998,125.427134976
676,0.11518442291199998,0.10553618175999999,9.648241151999997
677,0.21327487462399997,0.08463165926399999,128.64321535999997
678,0.11196834252799998,0.09588794060799999,16.080401919999986
679,0.11196834252799998,0.09588794060799999,16.080401919999986
680,0.12483266406399998,0.11196834252799998,12.864321536000006
681,0.11518442291199998,0.10392814156799998,11.256281344000001
682,0.11840050329599999,0.11036030233599997,8.040200960000021
683,0.22774723635199998,0.08945577983999997,138.291456512
684,0.11840050329599999,0.11036030233599997,8.040200960000021
685,0.12644070425599999,0.11518442291199998,11.256281344000001
686,0.11196834252799998,0.09910402099199997,12.864321536000006
687,0.10714422195199999,0.09910402099199997,8.040200960000021
688,0.108752262144,0.09910402099199997,9.648241152000026
689,0.10392814156799998,0.09267186022399998,11.256281344000001
690,0.11357638271999998,0.10553618175999999,8.040200959999993
691,0.11196834252799998,0.10232010137599998,9.648241151999997
692,0.20362663347199997,0.08141557887999998,122.211054592
693,0.12000854348799997,0.10553618175999999,14.472361727999983
694,0.22774723635199998,0.09267186022399998,135.075376128
695,0.11840050329599999,0.108752262144,9.648241151999997
696,0.11518442291199998,0.10232010137599998,12.864321536000006
697,0.11036030233599997,0.10071206118399997,9.648241151999997
698,0.12483266406399998,0.11518442291199998,9.648241151999997
699,0.12161658367999997,0.108752262144,12.864321535999979
700,0.21005879423999999,0.08623969945599999,123.819094784
701,0.11196834252799998,0.10232010137599998,9.648241151999997
702,0.20523467366399997,0.08141557887999998,123.819094784
703,0.11357638271999998,0.10392814156799998,9.648241151999997
704,0.21005879423999999,0.08302361907199998,127.03517516800001
705,0.11196834252799998,0.09588794060799999,16.080401919999986
706,0.11036030233599997,0.09749598079999999,12.864321535999979
707,0.12483266406399998,0.11196834252799998,12.864321536000006
708,0.11357638271999998,0.10392814156799998,9.648241151999997
709,0.11840050329599999,0.10714422195199999,11.256281344000001
710,0.22613919615999997,0.08945577983999997,136.68341632
711,0.11840050329599999,0.108752262144,9.648241151999997
712,0.12483266406399998,0.11518442291199998,9.648241151999997
713,0.11036030233599997,0.09910402099199997,11.256281344000001
714,0.108752262144,0.09910402099199997,9.648241152000026
715,0.108752262144,0.09910402099199997,9.648241152000026
716,0.10392814156799998,0.09106382003199998,12.864321536000006
717,0.11357638271999998,0.10392814156799998,9.648241151999997
718,0.11196834252799998,0.10071206118399997,11.256281344000001
719,0.20201859328,0.07980753868799997,122.21105459200002
720,0.12000854348799997,0.10392814156799998,16.080401919999986
721,0.22613919615999997,0.09106382003199998,135.075376128
722,0.11840050329599999,0.108752262144,9.648241151999997
723,0.11357638271999998,0.10232010137599998,11.256281344000001
724,0.108752262144,0.09910402099199997,9.648241152000026
725,0.12322462387199998,0.11357638271999998,9.648241151999997
726,0.12161658367999997,0.108752262144,12.864321535999979
727,0.21005879423999999,0.08623969945599999,123.819094784
728,0.11196834252799998,0.10232010137599998,9.648241151999997
729,0.20523467366399997,0.07980753868799997,125.427134976
730,0.11196834252799998,0.10392814156799998,8.040200959999993
731,0.20845075404799998,0.08302361907199998,125.427134976
732,0.11357638271999998,0.09588794060799999,17.68844211199999
733,0.11036030233599997,0.09588794060799999,14.472361727999983
734,0.12161658367999997,0.108752262144,12.864321535999979
735,0.11196834252799998,0.10232010137599998,9.648241151999997
736,0.11518442291199998,0.10553618175999999,9.648241151999997
737,0.23096331673599999,0.09267186022399998,138.291456512
738,0.12000854348799997,0.11196834252799998,8.040200959999993
739,0.12322462387199998,0.11196834252799998,11.256281344000001
740,0.20362663347199997,0.08463165926399999,118.99497420799999
741,0.11036030233599997,0.10071206118399997,9.648241151999997
742,0.10553618175999999,0.09267186022399998,12.864321536000006
743,0.10714422195199999,0.09749598079999999,9.648241151999997
744,0.11036030233599997,0.09910402099199997,11.256281344000001
745,0.10714422195199999,0.08623969945599999,20.904522496
746,0.108752262144,0.09267186022399998,16.080401920000014
747,0.12322462387199998,0.11357638271999998,9.648241151999997
748,0.222923115776,0.087847739648,135.075376128
749,0.11679246310399999,0.10714422195199999,9.648241151999997
750,0.108752262144,0.09910402099199997,9.648241152000026
751,0.11196834252799998,0.10232010137599998,9.648241151999997
752,0.12161658367999997,0.11357638271999998,8.040200959999993
753,0.12000854348799997,0.108752262144,11.256281343999975
754,0.20684271385599998,0.08623969945599999,120.60301439999999
755,0.11036030233599997,0.10071206118399997,9.648241151999997
756,0.200410553088,0.078199498496,122.211054592
757,0.11196834252799998,0.10392814156799998,8.040200959999993
758,0.20845075404799998,0.08141557887999998,127.03517516800001
759,0.11036030233599997,0.09588794060799999,14.472361727999983
760,0.108752262144,0.09427990041599998,14.47236172800001
761,0.12161658367999997,0.108752262144,12.864321535999979
762,0.11196834252799998,0.10232010137599998,9.648241151999997
763,0.11518442291199998,0.10553618175999999,9.648241151999997
764,0.222923115776,0.087847739648,135.075376128
765,0.11679246310399999,0.10714422195199999,9.648241151999997
766,0.12322462387199998,0.11196834252799998,11.256281344000001
767,0.108752262144,0.09749598079999999,11.256281344000001
768,0.10553618175999999,0.09749598079999999,8.040200959999993
769,0.10714422195199999,0.09749598079999999,9.648241151999997
770,0.10232010137599998,0.09267186022399998,9.648241151999997
771,0.11196834252799998,0.10071206118399997,11.256281344000001
772,0.108752262144,0.09910402099199997,9.648241152000026
773,0.19397839231999997,0.078199498496,115.77889382399998
774,0.12000854348799997,0.10553618175999999,14.472361727999983
775,0.22453115596799997,0.08945577983999997,135.075376128
776,0.11518442291199998,0.10714422195199999,8.040200959999993
777,0.11196834252799998,0.10071206118399997,11.256281344000001
778,0.108752262144,0.09910402099199997,9.648241152000026
779,0.12161658367999997,0.11357638271999998,8.040200959999993
780,0.11840050329599999,0.10553618175999999,12.864321536000006
781,0.20523467366399997,0.08623969945599999,118.99497420799999
782,0.11036030233599997,0.10071206118399997,9.648241151999997
783,0.200410553088,0.07659145830399999,123.819094784
784,0.11196834252799998,0.10232010137599998,9.648241151999997
785,0.20523467366399997,0.08141557887999998,123.819094784
786,0.11036030233599997,0.09588794060799999,14.472361727999983
787,0.108752262144,0.09267186022399998,16.080401920000014
788,0.12000854348799997,0.10714422195199999,12.864321535999979
789,0.11196834252799998,0.10071206118399997,11.256281344000001
790,0.11518442291199998,0.10553618175999999,9.648241151999997
791,0.221315075584,0.087847739648,133.46733593599998
792,0.11679246310399999,0.10714422195199999,9.648241151999997
793,0.12161658367999997,0.11196834252799998,9.648241151999997
794,0.10714422195199999,0.09427990041599998,12.864321536000006
795,0.10553618175999999,0.09588794060799999,9.648241151999997
796,0.10553618175999999,0.09427990041599998,11.256281344000001
797,0.10232010137599998,0.09106382003199998,11.256281344000001
798,0.11036030233599997,0.10232010137599998,8.040200959999993
799,0.108752262144,0.09910402099199997,9.648241152000026
800,0.19397839231999997,0.07659145830399999,117.38693401599998
801,0.11679246310399999,0.10392814156799998,12.864321536000006
802,0.222923115776,0.087847739648,135.075376128
803,0.11357638271999998,0.10553618175999999,8.040200959999993
804,0.11036030233599997,0.10071206118399997,9.648241151999997
805,0.10714422195199999,0.09749598079999999,9.648241151999997
806,0.12000854348799997,0.11196834252799998,8.040200959999993
807,0.11679246310399999,0.10553618175999999,11.256281344000001
808,0.20523467366399997,0.08463165926399999,120.60301439999999
809,0.108752262144,0.10071206118399997,8.040200960000021
810,0.19880251289599998,0.07659145830399999,122.211054592
811,0.11036030233599997,0.10071206118399997,9.648241151999997
812,0.20201859328,0.08141557887999998,120.60301440000002
813,0.108752262144,0.09427990041599998,14.47236172800001
814,0.10714422195199999,0.09267186022399998,14.47236172800001
815,0.11840050329599999,0.10392814156799998,14.47236172800001
816,0.11036030233599997,0.10071206118399997,9.648241151999997
817,0.11357638271999998,0.10553618175999999,8.040200959999993
818,0.21970703539199998,0.087847739648,131.85929574399998
819,0.11518442291199998,0.10553618175999999,9.648241151999997
820,0.12161658367999997,0.11036030233599997,11.256281344000001
821,0.10553618175999999,0.09267186022399998,12.864321536000006
822,0.10553618175999999,0.09588794060799999,9.648241151999997
823,0.10553618175999999,0.09427990041599998,11.256281344000001
824,0.10232010137599998,0.09106382003199998,11.256281344000001
825,0.11036030233599997,0.10071206118399997,9.648241151999997
826,0.10714422195199999,0.09588794060799999,11.256281344000001
827,0.19558643251199997,0.07659145830399999,118.99497420799999
828,0.11840050329599999,0.10392814156799998,14.47236172800001
829,0.21970703539199998,0.08945577983999997,130.251255552
830,0.11357638271999998,0.10553618175999999,8.040200959999993
831,0.108752262144,0.09910402099199997,9.648241152000026
832,0.10714422195199999,0.09749598079999999,9.648241151999997
833,0.12000854348799997,0.11036030233599997,9.648241151999997
834,0.11679246310399999,0.10553618175999999,11.256281344000001
835,0.20362663347199997,0.08463165926399999,118.99497420799999
836,0.108752262144,0.09910402099199997,9.648241152000026
837,0.19397839231999997,0.07659145830399999,117.38693401599998
838,0.11036030233599997,0.10071206118399997,9.648241151999997
839,0.200410553088,0.07980753868799997,120.60301440000002
840,0.108752262144,0.09427990041599998,14.47236172800001
841,0.10553618175999999,0.09106382003199998,14.47236172800001
842,0.12000854348799997,0.10553618175999999,14.472361727999983
843,0.108752262144,0.10071206118399997,8.040200960000021
844,0.11357638271999998,0.10392814156799998,9.648241151999997
845,0.221315075584,0.08623969945599999,135.075376128
846,0.11357638271999998,0.10553618175999999,8.040200959999993
847,0.12000854348799997,0.108752262144,11.256281343999975
848,0.20523467366399997,0.08141557887999998,123.819094784
849,0.10714422195199999,0.09749598079999999,9.648241151999997
850,0.10071206118399997,0.08945577983999997,11.256281344000001
851,0.10553618175999999,0.09588794060799999,9.648241151999997
852,0.10714422195199999,0.09588794060799999,11.256281344000001
853,0.19880251289599998,0.08141557887999998,117.38693401600001
854,0.10553618175999999,0.09267186022399998,12.864321536000006
855,0.12000854348799997,0.11036030233599997,9.648241151999997
856,0.21488291481599997,0.08463165926399999,130.25125555199998
857,0.11357638271999998,0.10392814156799998,9.648241151999997
858,0.10553618175999999,0.09588794060799999,9.648241151999997
859,0.11036030233599997,0.10071206118399997,9.648241151999997
860,0.12000854348799997,0.11036030233599997,9.648241151999997
861,0.11036030233599997,0.10071206118399997,9.648241151999997
862,0.09910402099199997,0.08945577983999997,9.648241151999997
863,0.10714422195199999,0.09749598079999999,9.648241151999997
864,0.18754623155199998,0.07980753868799997,107.738692864
865,0.11036030233599997,0.10071206118399997,9.648241151999997
866,0.10392814156799998,0.087847739648,16.080401919999986
867,0.108752262144,0.09588794060799999,12.864321536000006
868,0.19880251289599998,0.07980753868799997,118.99497420800002
869,0.11196834252799998,0.09749598079999999,14.472361727999983
870,0.11036030233599997,0.10232010137599998,8.040200959999993
871,0.11036030233599997,0.10232010137599998,8.040200959999993
872,0.21649095500799997,0.08945577983999997,127.03517516800001
873,0.11518442291199998,0.10714422195199999,8.040200959999993
874,0.11840050329599999,0.10553618175999999,12.864321536000006
875,0.20201859328,0.08141557887999998,120.60301440000002
876,0.10553618175999999,0.09749598079999999,8.040200959999993
877,0.09910402099199997,0.08945577983999997,9.648241151999997
878,0.10392814156799998,0.09427990041599998,9.648241151999997
879,0.10553618175999999,0.09267186022399998,12.864321536000006
880,0.19558643251199997,0.08463165926399999,110.954773248
881,0.10553618175999999,0.09267186022399998,12.864321536000006
882,0.11840050329599999,0.11036030233599997,8.040200960000021
883,0.21327487462399997,0.08463165926399999,128.64321535999997
884,0.11357638271999998,0.10392814156799998,9.648241151999997
885,0.10553618175999999,0.09427990041599998,11.256281344000001
886,0.108752262144,0.09910402099199997,9.648241152000026
887,0.11840050329599999,0.11036030233599997,8.040200960000021
888,0.11196834252799998,0.09910402099199997,12.864321536000006
889,0.09910402099199997,0.08945577983999997,9.648241151999997
890,0.10553618175999999,0.09749598079999999,8.040200959999993
891,0.18754623155199998,0.07980753868799997,107.738692864
892,0.108752262144,0.10071206118399997,8.040200960000021
893,0.10232010137599998,0.087847739648,14.472361727999983
894,0.108752262144,0.09427990041599998,14.47236172800001
895,0.19397839231999997,0.078199498496,115.77889382399998
896,0.11036030233599997,0.09588794060799999,14.472361727999983
897,0.11036030233599997,0.10232010137599998,8.040200959999993
898,0.11036030233599997,0.10071206118399997,9.648241151999997
899,0.200410553088,0.08945577983999997,110.95477324800001
900,0.11518442291199998,0.10714422195199999,8.040200959999993
901,0.11679246310399999,0.10714422195199999,9.648241151999997
902,0.200410553088,0.07980753868799997,120.60301440000002
903,0.10553618175999999,0.09588794060799999,9.648241151999997
904,0.09910402099199997,0.087847739648,11.256281343999975
905,0.10392814156799998,0.09427990041599998,9.648241151999997
906,0.10392814156799998,0.09267186022399998,11.256281344000001
907,0.19558643251199997,0.08141557887999998,114.170853632
908,0.10553618175999999,0.09267186022399998,12.864321536000006
909,0.11840050329599999,0.108752262144,9.648241151999997
910,0.21327487462399997,0.08463165926399999,128.64321535999997
911,0.11196834252799998,0.10232010137599998,9.648241151999997
912,0.10392814156799998,0.09267186022399998,11.256281344000001
913,0.108752262144,0.09910402099199997,9.648241152000026
914,0.11840050329599999,0.108752262144,9.648241151999997
915,0.11036030233599997,0.09749598079999999,12.864321535999979
916,0.09910402099199997,0.087847739648,11.256281343999975
917,0.10553618175999999,0.09427990041599998,11.256281344000001
918,0.18593819135999998,0.078199498496,107.73869286399999
919,0.108752262144,0.10071206118399997,8.040200960000021
920,0.10232010137599998,0.087847739648,14.472361727999983
921,0.10714422195199999,0.09427990041599998,12.864321536000006
922,0.19719447270399998,0.078199498496,118.99497420799999
923,0.11036030233599997,0.09588794060799999,14.472361727999983
924,0.108752262144,0.10071206118399997,8.040200960000021
925,0.11036030233599997,0.09910402099199997,11.256281344000001
926,0.09910402099199997,0.08945577983999997,9.648241151999997
927,0.11518442291199998,0.10553618175999999,9.648241151999997
928,0.11679246310399999,0.10714422195199999,9.648241151999997
929,0.19558643251199997,0.078199498496,117.38693401599998
930,0.10553618175999999,0.09588794060799999,9.648241151999997
931,0.09910402099199997,0.087847739648,11.256281343999975
932,0.10392814156799998,0.09427990041599998,9.648241151999997
933,0.10392814156799998,0.09106382003199998,12.864321536000006
934,0.19719447270399998,0.08141557887999998,115.77889382400001
935,0.10392814156799998,0.09106382003199998,12.864321536000006
936,0.11679246310399999,0.10714422195199999,9.648241151999997
937,0.21005879423999999,0.08302361907199998,127.03517516800001
938,0.11036030233599997,0.10232010137599998,8.040200959999993
939,0.10392814156799998,0.09106382003199998,12.864321536000006
940,0.108752262144,0.09910402099199997,9.648241152000026
941,0.11679246310399999,0.108752262144,8.040200959999993
942,0.108752262144,0.09588794060799999,12.864321536000006
943,0.09910402099199997,0.087847739648,11.256281343999975
944,0.10392814156799998,0.09588794060799999,8.040200959999993
945,0.18593819135999998,0.078199498496,107.73869286399999
946,0.10714422195199999,0.09910402099199997,8.040200960000021
947,0.10232010137599998,0.087847739648,14.472361727999983
948,0.10714422195199999,0.09427990041599998,12.864321536000006
949,0.19558643251199997,0.078199498496,117.38693401599998
950,0.108752262144,0.09267186022399998,16.080401920000014
951,0.108752262144,0.10071206118399997,8.040200960000021
952,0.108752262144,0.09910402099199997,9.648241152000026
953,0.09749598079999999,0.08945577983999997,8.040200960000021
954,0.11518442291199998,0.10392814156799998,11.256281344000001
955,0.11518442291199998,0.10553618175999999,9.648241151999997
956,0.19880251289599998,0.078199498496,120.60301439999999
957,0.10232010137599998,0.09427990041599998,8.040200959999993
958,0.09749598079999999,0.08623969945599999,11.256281344000001
959,0.10392814156799998,0.09427990041599998,9.648241151999997
960,0.10232010137599998,0.08945577983999997,12.864321536000006
961,0.19076231193599996,0.07980753868799997,110.954773248
962,0.10232010137599998,0.09106382003199998,11.256281344000001
963,0.11679246310399999,0.10714422195199999,9.648241151999997
964,0.20684271385599998,0.08141557887999998,125.427134976
965,0.11036030233599997,0.10071206118399997,9.648241151999997
966,0.10232010137599998,0.09106382003199998,11.256281344000001
967,0.10714422195199999,0.09749598079999999,9.648241151999997
968,0.11679246310399999,0.10714422195199999,9.648241151999997
969,0.10714422195199999,0.09749598079999999,9.648241151999997
970,0.09749598079999999,0.087847739648,9.648241151999997
971,0.10392814156799998,0.09267186022399998,11.256281344000001
972,0.182722110976,0.07980753868799997,102.91457228800002
973,0.10714422195199999,0.09910402099199997,8.040200960000021
974,0.10232010137599998,0.08623969945599999,16.080401919999986
975,0.10553618175999999,0.09106382003199998,14.47236172800001
976,0.19237035212799997,0.07659145830399999,115.77889382399998
977,0.10714422195199999,0.09427990041599998,12.864321536000006
978,0.10714422195199999,0.09910402099199997,8.040200960000021
979,0.10714422195199999,0.09749598079999999,9.648241151999997
980,0.09749598079999999,0.087847739648,9.648241151999997
981,0.11357638271999998,0.10392814156799998,9.648241151999997
982,0.11357638271999998,0.10553618175999999,8.040200959999993
983,0.19397839231999997,0.078199498496,115.77889382399998
984,0.10392814156799998,0.09427990041599998,9.648241151999997
985,0.09749598079999999,0.08623969945599999,11.256281344000001
986,0.10392814156799998,0.09267186022399998,11.256281344000001
987,0.10232010137599998,0.08945577983999997,12.864321536000006
988,0.19076231193599996,0.078199498496,112.56281343999997
989,0.10232010137599998,0.09106382003199998,11.256281344000001
990,0.11518442291199998,0.10714422195199999,8.040200959999993
991,0.20684271385599998,0.08141557887999998,125.427134976
992,0.108752262144,0.10071206118399997,8.040200960000021
993,0.10071206118399997,0.08945577983999997,11.256281344000001
994,0.10714422195199999,0.09749598079999999,9.648241151999997
995,0.11518442291199998,0.10553618175999999,9.648241151999997
996,0.10553618175999999,0.09588794060799999,9.648241151999997
997,0.09588794060799999,0.087847739648,8.040200959999993
998,0.10232010137599998,0.09267186022399998,9.648241151999997
999,0.16503366886399998,0.078199498496,86.83417036799997
